{
"type": "FeatureCollection",
"name": "moabit_lamps",
"crs": { "type": "name", "properties": { "name": "urn:ogc:def:crs:OGC:1.3:CRS84" } },
"features": [
{ "type": "Feature", "properties": { "osm_id": "1363486433", "code": 5209, "fclass": "street_lamp" }, "geometry": { "type": "Point", "coordinates": [ 13.3258997, 52.5342352 ] } },
{ "type": "Feature", "properties": { "osm_id": "1363486434", "code": 5209, "fclass": "street_lamp" }, "geometry": { "type": "Point", "coordinates": [ 13.3255924, 52.5342289 ] } },
{ "type": "Feature", "properties": { "osm_id": "1363486436", "code": 5209, "fclass": "street_lamp" }, "geometry": { "type": "Point", "coordinates": [ 13.3263084, 52.534266 ] } },
{ "type": "Feature", "properties": { "osm_id": "1363486449", "code": 5209, "fclass": "street_lamp" }, "geometry": { "type": "Point", "coordinates": [ 13.3267096, 52.5343107 ] } },
{ "type": "Feature", "properties": { "osm_id": "1363486450", "code": 5209, "fclass": "street_lamp" }, "geometry": { "type": "Point", "coordinates": [ 13.3270953, 52.5343686 ] } },
{ "type": "Feature", "properties": { "osm_id": "1363486451", "code": 5209, "fclass": "street_lamp" }, "geometry": { "type": "Point", "coordinates": [ 13.3255023, 52.5344671 ] } },
{ "type": "Feature", "properties": { "osm_id": "1363486453", "code": 5209, "fclass": "street_lamp" }, "geometry": { "type": "Point", "coordinates": [ 13.3236914, 52.5347316 ] } },
{ "type": "Feature", "properties": { "osm_id": "1363486455", "code": 5209, "fclass": "street_lamp" }, "geometry": { "type": "Point", "coordinates": [ 13.3242708, 52.5348114 ] } },
{ "type": "Feature", "properties": { "osm_id": "1363486459", "code": 5209, "fclass": "street_lamp" }, "geometry": { "type": "Point", "coordinates": [ 13.3254763, 52.5348504 ] } },
{ "type": "Feature", "properties": { "osm_id": "1363486470", "code": 5209, "fclass": "street_lamp" }, "geometry": { "type": "Point", "coordinates": [ 13.3248525, 52.5348807 ] } },
{ "type": "Feature", "properties": { "osm_id": "1363486472", "code": 5209, "fclass": "street_lamp" }, "geometry": { "type": "Point", "coordinates": [ 13.3259407, 52.5349024 ] } },
{ "type": "Feature", "properties": { "osm_id": "1363486476", "code": 5209, "fclass": "street_lamp" }, "geometry": { "type": "Point", "coordinates": [ 13.326406, 52.5349923 ] } },
{ "type": "Feature", "properties": { "osm_id": "1363486477", "code": 5209, "fclass": "street_lamp" }, "geometry": { "type": "Point", "coordinates": [ 13.3268569, 52.5350036 ] } },
{ "type": "Feature", "properties": { "osm_id": "1363486491", "code": 5209, "fclass": "street_lamp" }, "geometry": { "type": "Point", "coordinates": [ 13.3277504, 52.535026 ] } },
{ "type": "Feature", "properties": { "osm_id": "1363486497", "code": 5209, "fclass": "street_lamp" }, "geometry": { "type": "Point", "coordinates": [ 13.3259615, 52.5351026 ] } },
{ "type": "Feature", "properties": { "osm_id": "1363486499", "code": 5209, "fclass": "street_lamp" }, "geometry": { "type": "Point", "coordinates": [ 13.3250241, 52.535196 ] } },
{ "type": "Feature", "properties": { "osm_id": "1363486500", "code": 5209, "fclass": "street_lamp" }, "geometry": { "type": "Point", "coordinates": [ 13.3247747, 52.5354435 ] } },
{ "type": "Feature", "properties": { "osm_id": "1363486507", "code": 5209, "fclass": "street_lamp" }, "geometry": { "type": "Point", "coordinates": [ 13.3276332, 52.5354739 ] } },
{ "type": "Feature", "properties": { "osm_id": "1363486509", "code": 5209, "fclass": "street_lamp" }, "geometry": { "type": "Point", "coordinates": [ 13.3279438, 52.5356211 ] } },
{ "type": "Feature", "properties": { "osm_id": "1363486512", "code": 5209, "fclass": "street_lamp" }, "geometry": { "type": "Point", "coordinates": [ 13.327427, 52.5356577 ] } },
{ "type": "Feature", "properties": { "osm_id": "1363486513", "code": 5209, "fclass": "street_lamp" }, "geometry": { "type": "Point", "coordinates": [ 13.3239573, 52.5356886 ] } },
{ "type": "Feature", "properties": { "osm_id": "1363486515", "code": 5209, "fclass": "street_lamp" }, "geometry": { "type": "Point", "coordinates": [ 13.3277412, 52.5358582 ] } },
{ "type": "Feature", "properties": { "osm_id": "1363486527", "code": 5209, "fclass": "street_lamp" }, "geometry": { "type": "Point", "coordinates": [ 13.3275526, 52.5360806 ] } },
{ "type": "Feature", "properties": { "osm_id": "1363486528", "code": 5209, "fclass": "street_lamp" }, "geometry": { "type": "Point", "coordinates": [ 13.3269796, 52.5360589 ] } },
{ "type": "Feature", "properties": { "osm_id": "1363486529", "code": 5209, "fclass": "street_lamp" }, "geometry": { "type": "Point", "coordinates": [ 13.319565, 52.5360968 ] } },
{ "type": "Feature", "properties": { "osm_id": "1363486530", "code": 5209, "fclass": "street_lamp" }, "geometry": { "type": "Point", "coordinates": [ 13.3205695, 52.5362185 ] } },
{ "type": "Feature", "properties": { "osm_id": "1363486538", "code": 5209, "fclass": "street_lamp" }, "geometry": { "type": "Point", "coordinates": [ 13.3268032, 52.5362724 ] } },
{ "type": "Feature", "properties": { "osm_id": "1363486539", "code": 5209, "fclass": "street_lamp" }, "geometry": { "type": "Point", "coordinates": [ 13.3273587, 52.5363132 ] } },
{ "type": "Feature", "properties": { "osm_id": "1363486540", "code": 5209, "fclass": "street_lamp" }, "geometry": { "type": "Point", "coordinates": [ 13.3239556, 52.5365021 ] } },
{ "type": "Feature", "properties": { "osm_id": "1363486541", "code": 5209, "fclass": "street_lamp" }, "geometry": { "type": "Point", "coordinates": [ 13.326637, 52.5364837 ] } },
{ "type": "Feature", "properties": { "osm_id": "1363486542", "code": 5209, "fclass": "street_lamp" }, "geometry": { "type": "Point", "coordinates": [ 13.3271582, 52.5365511 ] } },
{ "type": "Feature", "properties": { "osm_id": "1363486543", "code": 5209, "fclass": "street_lamp" }, "geometry": { "type": "Point", "coordinates": [ 13.3239117, 52.5366952 ] } },
{ "type": "Feature", "properties": { "osm_id": "1363486552", "code": 5209, "fclass": "street_lamp" }, "geometry": { "type": "Point", "coordinates": [ 13.3265318, 52.5367136 ] } },
{ "type": "Feature", "properties": { "osm_id": "1363486553", "code": 5209, "fclass": "street_lamp" }, "geometry": { "type": "Point", "coordinates": [ 13.3270004, 52.5367523 ] } },
{ "type": "Feature", "properties": { "osm_id": "1363486556", "code": 5209, "fclass": "street_lamp" }, "geometry": { "type": "Point", "coordinates": [ 13.326431, 52.5369617 ] } },
{ "type": "Feature", "properties": { "osm_id": "1363486557", "code": 5209, "fclass": "street_lamp" }, "geometry": { "type": "Point", "coordinates": [ 13.3268789, 52.5369747 ] } },
{ "type": "Feature", "properties": { "osm_id": "1363486558", "code": 5209, "fclass": "street_lamp" }, "geometry": { "type": "Point", "coordinates": [ 13.3265499, 52.5372138 ] } },
{ "type": "Feature", "properties": { "osm_id": "1363486566", "code": 5209, "fclass": "street_lamp" }, "geometry": { "type": "Point", "coordinates": [ 13.3264211, 52.5375491 ] } },
{ "type": "Feature", "properties": { "osm_id": "1363486588", "code": 5209, "fclass": "street_lamp" }, "geometry": { "type": "Point", "coordinates": [ 13.3284857, 52.5388454 ] } },
{ "type": "Feature", "properties": { "osm_id": "1363486595", "code": 5209, "fclass": "street_lamp" }, "geometry": { "type": "Point", "coordinates": [ 13.328979, 52.5390049 ] } },
{ "type": "Feature", "properties": { "osm_id": "1363486596", "code": 5209, "fclass": "street_lamp" }, "geometry": { "type": "Point", "coordinates": [ 13.3293993, 52.5391437 ] } },
{ "type": "Feature", "properties": { "osm_id": "1364413710", "code": 5209, "fclass": "street_lamp" }, "geometry": { "type": "Point", "coordinates": [ 13.3258404, 52.5353978 ] } },
{ "type": "Feature", "properties": { "osm_id": "1364438966", "code": 5209, "fclass": "street_lamp" }, "geometry": { "type": "Point", "coordinates": [ 13.3287019, 52.5347525 ] } },
{ "type": "Feature", "properties": { "osm_id": "1364438984", "code": 5209, "fclass": "street_lamp" }, "geometry": { "type": "Point", "coordinates": [ 13.3308689, 52.5350496 ] } },
{ "type": "Feature", "properties": { "osm_id": "1364438985", "code": 5209, "fclass": "street_lamp" }, "geometry": { "type": "Point", "coordinates": [ 13.3302117, 52.535055 ] } },
{ "type": "Feature", "properties": { "osm_id": "1364438986", "code": 5209, "fclass": "street_lamp" }, "geometry": { "type": "Point", "coordinates": [ 13.3307621, 52.535138 ] } },
{ "type": "Feature", "properties": { "osm_id": "1364438990", "code": 5209, "fclass": "street_lamp" }, "geometry": { "type": "Point", "coordinates": [ 13.3314664, 52.5351609 ] } },
{ "type": "Feature", "properties": { "osm_id": "1364438991", "code": 5209, "fclass": "street_lamp" }, "geometry": { "type": "Point", "coordinates": [ 13.331305, 52.5352285 ] } },
{ "type": "Feature", "properties": { "osm_id": "1364438992", "code": 5209, "fclass": "street_lamp" }, "geometry": { "type": "Point", "coordinates": [ 13.3320402, 52.5353635 ] } },
{ "type": "Feature", "properties": { "osm_id": "1364438993", "code": 5209, "fclass": "street_lamp" }, "geometry": { "type": "Point", "coordinates": [ 13.3326466, 52.53544 ] } },
{ "type": "Feature", "properties": { "osm_id": "1364438994", "code": 5209, "fclass": "street_lamp" }, "geometry": { "type": "Point", "coordinates": [ 13.3332299, 52.5355141 ] } },
{ "type": "Feature", "properties": { "osm_id": "1364438996", "code": 5209, "fclass": "street_lamp" }, "geometry": { "type": "Point", "coordinates": [ 13.333795, 52.5355865 ] } },
{ "type": "Feature", "properties": { "osm_id": "1364439002", "code": 5209, "fclass": "street_lamp" }, "geometry": { "type": "Point", "coordinates": [ 13.3363179, 52.5358941 ] } },
{ "type": "Feature", "properties": { "osm_id": "1364439003", "code": 5209, "fclass": "street_lamp" }, "geometry": { "type": "Point", "coordinates": [ 13.3369063, 52.5359658 ] } },
{ "type": "Feature", "properties": { "osm_id": "1964624190", "code": 5209, "fclass": "street_lamp" }, "geometry": { "type": "Point", "coordinates": [ 13.350173, 52.5356109 ] } },
{ "type": "Feature", "properties": { "osm_id": "1964624217", "code": 5209, "fclass": "street_lamp" }, "geometry": { "type": "Point", "coordinates": [ 13.350153, 52.5358342 ] } },
{ "type": "Feature", "properties": { "osm_id": "1964624219", "code": 5209, "fclass": "street_lamp" }, "geometry": { "type": "Point", "coordinates": [ 13.3502548, 52.5358358 ] } },
{ "type": "Feature", "properties": { "osm_id": "2671638915", "code": 5209, "fclass": "street_lamp" }, "geometry": { "type": "Point", "coordinates": [ 13.3566399, 52.5194649 ] } },
{ "type": "Feature", "properties": { "osm_id": "2671638919", "code": 5209, "fclass": "street_lamp" }, "geometry": { "type": "Point", "coordinates": [ 13.3568156, 52.5194652 ] } },
{ "type": "Feature", "properties": { "osm_id": "2671638922", "code": 5209, "fclass": "street_lamp" }, "geometry": { "type": "Point", "coordinates": [ 13.3569912, 52.5194656 ] } },
{ "type": "Feature", "properties": { "osm_id": "2671638924", "code": 5209, "fclass": "street_lamp" }, "geometry": { "type": "Point", "coordinates": [ 13.3571669, 52.5194659 ] } },
{ "type": "Feature", "properties": { "osm_id": "2671638927", "code": 5209, "fclass": "street_lamp" }, "geometry": { "type": "Point", "coordinates": [ 13.3573425, 52.5194663 ] } },
{ "type": "Feature", "properties": { "osm_id": "2671638929", "code": 5209, "fclass": "street_lamp" }, "geometry": { "type": "Point", "coordinates": [ 13.3575182, 52.5194666 ] } },
{ "type": "Feature", "properties": { "osm_id": "2671638931", "code": 5209, "fclass": "street_lamp" }, "geometry": { "type": "Point", "coordinates": [ 13.3576938, 52.519467 ] } },
{ "type": "Feature", "properties": { "osm_id": "2671638933", "code": 5209, "fclass": "street_lamp" }, "geometry": { "type": "Point", "coordinates": [ 13.3578695, 52.5194673 ] } },
{ "type": "Feature", "properties": { "osm_id": "2671638936", "code": 5209, "fclass": "street_lamp" }, "geometry": { "type": "Point", "coordinates": [ 13.3580451, 52.5194677 ] } },
{ "type": "Feature", "properties": { "osm_id": "2671638938", "code": 5209, "fclass": "street_lamp" }, "geometry": { "type": "Point", "coordinates": [ 13.3582208, 52.519468 ] } },
{ "type": "Feature", "properties": { "osm_id": "2671638940", "code": 5209, "fclass": "street_lamp" }, "geometry": { "type": "Point", "coordinates": [ 13.3583964, 52.5194684 ] } },
{ "type": "Feature", "properties": { "osm_id": "2671638943", "code": 5209, "fclass": "street_lamp" }, "geometry": { "type": "Point", "coordinates": [ 13.3585721, 52.5194688 ] } },
{ "type": "Feature", "properties": { "osm_id": "2671638945", "code": 5209, "fclass": "street_lamp" }, "geometry": { "type": "Point", "coordinates": [ 13.3587477, 52.5194691 ] } },
{ "type": "Feature", "properties": { "osm_id": "2671638947", "code": 5209, "fclass": "street_lamp" }, "geometry": { "type": "Point", "coordinates": [ 13.3589234, 52.5194695 ] } },
{ "type": "Feature", "properties": { "osm_id": "2671638950", "code": 5209, "fclass": "street_lamp" }, "geometry": { "type": "Point", "coordinates": [ 13.359099, 52.5194698 ] } },
{ "type": "Feature", "properties": { "osm_id": "2671638952", "code": 5209, "fclass": "street_lamp" }, "geometry": { "type": "Point", "coordinates": [ 13.3592747, 52.5194702 ] } },
{ "type": "Feature", "properties": { "osm_id": "2671638954", "code": 5209, "fclass": "street_lamp" }, "geometry": { "type": "Point", "coordinates": [ 13.3594503, 52.5194705 ] } },
{ "type": "Feature", "properties": { "osm_id": "2671638957", "code": 5209, "fclass": "street_lamp" }, "geometry": { "type": "Point", "coordinates": [ 13.359626, 52.5194709 ] } },
{ "type": "Feature", "properties": { "osm_id": "2671638960", "code": 5209, "fclass": "street_lamp" }, "geometry": { "type": "Point", "coordinates": [ 13.3598016, 52.5194712 ] } },
{ "type": "Feature", "properties": { "osm_id": "2671638962", "code": 5209, "fclass": "street_lamp" }, "geometry": { "type": "Point", "coordinates": [ 13.3599773, 52.5194716 ] } },
{ "type": "Feature", "properties": { "osm_id": "2671638965", "code": 5209, "fclass": "street_lamp" }, "geometry": { "type": "Point", "coordinates": [ 13.3601529, 52.5194719 ] } },
{ "type": "Feature", "properties": { "osm_id": "2671638967", "code": 5209, "fclass": "street_lamp" }, "geometry": { "type": "Point", "coordinates": [ 13.3603286, 52.5194723 ] } },
{ "type": "Feature", "properties": { "osm_id": "2671638970", "code": 5209, "fclass": "street_lamp" }, "geometry": { "type": "Point", "coordinates": [ 13.3603454, 52.519547 ] } },
{ "type": "Feature", "properties": { "osm_id": "2671664830", "code": 5209, "fclass": "street_lamp" }, "geometry": { "type": "Point", "coordinates": [ 13.3571936, 52.5195399 ] } },
{ "type": "Feature", "properties": { "osm_id": "2671664831", "code": 5209, "fclass": "street_lamp" }, "geometry": { "type": "Point", "coordinates": [ 13.3573642, 52.5195403 ] } },
{ "type": "Feature", "properties": { "osm_id": "2671664832", "code": 5209, "fclass": "street_lamp" }, "geometry": { "type": "Point", "coordinates": [ 13.3575396, 52.5195407 ] } },
{ "type": "Feature", "properties": { "osm_id": "2671664833", "code": 5209, "fclass": "street_lamp" }, "geometry": { "type": "Point", "coordinates": [ 13.357715, 52.5195411 ] } },
{ "type": "Feature", "properties": { "osm_id": "2671664834", "code": 5209, "fclass": "street_lamp" }, "geometry": { "type": "Point", "coordinates": [ 13.3578904, 52.5195414 ] } },
{ "type": "Feature", "properties": { "osm_id": "2671664835", "code": 5209, "fclass": "street_lamp" }, "geometry": { "type": "Point", "coordinates": [ 13.3580658, 52.5195418 ] } },
{ "type": "Feature", "properties": { "osm_id": "2671664836", "code": 5209, "fclass": "street_lamp" }, "geometry": { "type": "Point", "coordinates": [ 13.3582412, 52.5195422 ] } },
{ "type": "Feature", "properties": { "osm_id": "2671664837", "code": 5209, "fclass": "street_lamp" }, "geometry": { "type": "Point", "coordinates": [ 13.3584166, 52.5195426 ] } },
{ "type": "Feature", "properties": { "osm_id": "2671664838", "code": 5209, "fclass": "street_lamp" }, "geometry": { "type": "Point", "coordinates": [ 13.358592, 52.519543 ] } },
{ "type": "Feature", "properties": { "osm_id": "2671664839", "code": 5209, "fclass": "street_lamp" }, "geometry": { "type": "Point", "coordinates": [ 13.3587675, 52.5195434 ] } },
{ "type": "Feature", "properties": { "osm_id": "2671664840", "code": 5209, "fclass": "street_lamp" }, "geometry": { "type": "Point", "coordinates": [ 13.3589429, 52.5195438 ] } },
{ "type": "Feature", "properties": { "osm_id": "2671664841", "code": 5209, "fclass": "street_lamp" }, "geometry": { "type": "Point", "coordinates": [ 13.3591183, 52.5195442 ] } },
{ "type": "Feature", "properties": { "osm_id": "2671664842", "code": 5209, "fclass": "street_lamp" }, "geometry": { "type": "Point", "coordinates": [ 13.3592937, 52.5195446 ] } },
{ "type": "Feature", "properties": { "osm_id": "2671664843", "code": 5209, "fclass": "street_lamp" }, "geometry": { "type": "Point", "coordinates": [ 13.3594691, 52.519545 ] } },
{ "type": "Feature", "properties": { "osm_id": "2671664844", "code": 5209, "fclass": "street_lamp" }, "geometry": { "type": "Point", "coordinates": [ 13.3596445, 52.5195454 ] } },
{ "type": "Feature", "properties": { "osm_id": "2671664845", "code": 5209, "fclass": "street_lamp" }, "geometry": { "type": "Point", "coordinates": [ 13.3598199, 52.5195458 ] } },
{ "type": "Feature", "properties": { "osm_id": "2671664846", "code": 5209, "fclass": "street_lamp" }, "geometry": { "type": "Point", "coordinates": [ 13.3599953, 52.5195462 ] } },
{ "type": "Feature", "properties": { "osm_id": "2671664847", "code": 5209, "fclass": "street_lamp" }, "geometry": { "type": "Point", "coordinates": [ 13.3601707, 52.5195466 ] } },
{ "type": "Feature", "properties": { "osm_id": "3276922947", "code": 5209, "fclass": "street_lamp" }, "geometry": { "type": "Point", "coordinates": [ 13.338174, 52.5194472 ] } },
{ "type": "Feature", "properties": { "osm_id": "3276922949", "code": 5209, "fclass": "street_lamp" }, "geometry": { "type": "Point", "coordinates": [ 13.3379377, 52.5195487 ] } },
{ "type": "Feature", "properties": { "osm_id": "3276922950", "code": 5209, "fclass": "street_lamp" }, "geometry": { "type": "Point", "coordinates": [ 13.3383748, 52.5196113 ] } },
{ "type": "Feature", "properties": { "osm_id": "3276922952", "code": 5209, "fclass": "street_lamp" }, "geometry": { "type": "Point", "coordinates": [ 13.337648, 52.5196709 ] } },
{ "type": "Feature", "properties": { "osm_id": "3276922953", "code": 5209, "fclass": "street_lamp" }, "geometry": { "type": "Point", "coordinates": [ 13.3381156, 52.5197158 ] } },
{ "type": "Feature", "properties": { "osm_id": "3276922956", "code": 5209, "fclass": "street_lamp" }, "geometry": { "type": "Point", "coordinates": [ 13.3378613, 52.519827 ] } },
{ "type": "Feature", "properties": { "osm_id": "3276922958", "code": 5209, "fclass": "street_lamp" }, "geometry": { "type": "Point", "coordinates": [ 13.3374916, 52.5199855 ] } },
{ "type": "Feature", "properties": { "osm_id": "3276922960", "code": 5209, "fclass": "street_lamp" }, "geometry": { "type": "Point", "coordinates": [ 13.3371087, 52.5201509 ] } },
{ "type": "Feature", "properties": { "osm_id": "3276923762", "code": 5209, "fclass": "street_lamp" }, "geometry": { "type": "Point", "coordinates": [ 13.3366973, 52.5203136 ] } },
{ "type": "Feature", "properties": { "osm_id": "3276923765", "code": 5209, "fclass": "street_lamp" }, "geometry": { "type": "Point", "coordinates": [ 13.3363012, 52.5204819 ] } },
{ "type": "Feature", "properties": { "osm_id": "3276923766", "code": 5209, "fclass": "street_lamp" }, "geometry": { "type": "Point", "coordinates": [ 13.3359649, 52.5206126 ] } },
{ "type": "Feature", "properties": { "osm_id": "3276923769", "code": 5209, "fclass": "street_lamp" }, "geometry": { "type": "Point", "coordinates": [ 13.3351665, 52.5209166 ] } },
{ "type": "Feature", "properties": { "osm_id": "3276923771", "code": 5209, "fclass": "street_lamp" }, "geometry": { "type": "Point", "coordinates": [ 13.3347572, 52.521079 ] } },
{ "type": "Feature", "properties": { "osm_id": "3276923774", "code": 5209, "fclass": "street_lamp" }, "geometry": { "type": "Point", "coordinates": [ 13.3343444, 52.5212447 ] } },
{ "type": "Feature", "properties": { "osm_id": "3276923777", "code": 5209, "fclass": "street_lamp" }, "geometry": { "type": "Point", "coordinates": [ 13.3332596, 52.5216718 ] } },
{ "type": "Feature", "properties": { "osm_id": "3276923779", "code": 5209, "fclass": "street_lamp" }, "geometry": { "type": "Point", "coordinates": [ 13.3329428, 52.5217927 ] } },
{ "type": "Feature", "properties": { "osm_id": "3276923781", "code": 5209, "fclass": "street_lamp" }, "geometry": { "type": "Point", "coordinates": [ 13.332637, 52.5219166 ] } },
{ "type": "Feature", "properties": { "osm_id": "3276923782", "code": 5209, "fclass": "street_lamp" }, "geometry": { "type": "Point", "coordinates": [ 13.332357, 52.5220244 ] } },
{ "type": "Feature", "properties": { "osm_id": "3276923786", "code": 5209, "fclass": "street_lamp" }, "geometry": { "type": "Point", "coordinates": [ 13.3320164, 52.5221589 ] } },
{ "type": "Feature", "properties": { "osm_id": "3276923791", "code": 5209, "fclass": "street_lamp" }, "geometry": { "type": "Point", "coordinates": [ 13.331701, 52.5222844 ] } },
{ "type": "Feature", "properties": { "osm_id": "3276923794", "code": 5209, "fclass": "street_lamp" }, "geometry": { "type": "Point", "coordinates": [ 13.3288637, 52.522394 ] } },
{ "type": "Feature", "properties": { "osm_id": "3276923795", "code": 5209, "fclass": "street_lamp" }, "geometry": { "type": "Point", "coordinates": [ 13.3313146, 52.5224337 ] } },
{ "type": "Feature", "properties": { "osm_id": "3276923797", "code": 5209, "fclass": "street_lamp" }, "geometry": { "type": "Point", "coordinates": [ 13.3290368, 52.5224638 ] } },
{ "type": "Feature", "properties": { "osm_id": "3276923799", "code": 5209, "fclass": "street_lamp" }, "geometry": { "type": "Point", "coordinates": [ 13.3287352, 52.5225162 ] } },
{ "type": "Feature", "properties": { "osm_id": "3276923800", "code": 5209, "fclass": "street_lamp" }, "geometry": { "type": "Point", "coordinates": [ 13.3292571, 52.5225509 ] } },
{ "type": "Feature", "properties": { "osm_id": "3276923801", "code": 5209, "fclass": "street_lamp" }, "geometry": { "type": "Point", "coordinates": [ 13.3309602, 52.5225715 ] } },
{ "type": "Feature", "properties": { "osm_id": "3276923802", "code": 5209, "fclass": "street_lamp" }, "geometry": { "type": "Point", "coordinates": [ 13.328902, 52.5225864 ] } },
{ "type": "Feature", "properties": { "osm_id": "3276923803", "code": 5209, "fclass": "street_lamp" }, "geometry": { "type": "Point", "coordinates": [ 13.329428, 52.5226181 ] } },
{ "type": "Feature", "properties": { "osm_id": "3276923804", "code": 5209, "fclass": "street_lamp" }, "geometry": { "type": "Point", "coordinates": [ 13.3418292, 52.5226364 ] } },
{ "type": "Feature", "properties": { "osm_id": "3276923805", "code": 5209, "fclass": "street_lamp" }, "geometry": { "type": "Point", "coordinates": [ 13.3291243, 52.5226748 ] } },
{ "type": "Feature", "properties": { "osm_id": "3276923807", "code": 5209, "fclass": "street_lamp" }, "geometry": { "type": "Point", "coordinates": [ 13.3296098, 52.5226788 ] } },
{ "type": "Feature", "properties": { "osm_id": "3276923810", "code": 5209, "fclass": "street_lamp" }, "geometry": { "type": "Point", "coordinates": [ 13.3420946, 52.522704 ] } },
{ "type": "Feature", "properties": { "osm_id": "3276923811", "code": 5209, "fclass": "street_lamp" }, "geometry": { "type": "Point", "coordinates": [ 13.3305881, 52.5227211 ] } },
{ "type": "Feature", "properties": { "osm_id": "3276923812", "code": 5209, "fclass": "street_lamp" }, "geometry": { "type": "Point", "coordinates": [ 13.3292932, 52.522739 ] } },
{ "type": "Feature", "properties": { "osm_id": "3276923813", "code": 5209, "fclass": "street_lamp" }, "geometry": { "type": "Point", "coordinates": [ 13.3294037, 52.5228134 ] } },
{ "type": "Feature", "properties": { "osm_id": "3276923814", "code": 5209, "fclass": "street_lamp" }, "geometry": { "type": "Point", "coordinates": [ 13.3418737, 52.5228173 ] } },
{ "type": "Feature", "properties": { "osm_id": "3276923816", "code": 5209, "fclass": "street_lamp" }, "geometry": { "type": "Point", "coordinates": [ 13.3302187, 52.5228654 ] } },
{ "type": "Feature", "properties": { "osm_id": "3276923817", "code": 5209, "fclass": "street_lamp" }, "geometry": { "type": "Point", "coordinates": [ 13.329838, 52.5228616 ] } },
{ "type": "Feature", "properties": { "osm_id": "3276923818", "code": 5209, "fclass": "street_lamp" }, "geometry": { "type": "Point", "coordinates": [ 13.3421349, 52.5228807 ] } },
{ "type": "Feature", "properties": { "osm_id": "3276923820", "code": 5209, "fclass": "street_lamp" }, "geometry": { "type": "Point", "coordinates": [ 13.3419154, 52.5229957 ] } },
{ "type": "Feature", "properties": { "osm_id": "3276923821", "code": 5209, "fclass": "street_lamp" }, "geometry": { "type": "Point", "coordinates": [ 13.3421822, 52.5230617 ] } },
{ "type": "Feature", "properties": { "osm_id": "3276923822", "code": 5209, "fclass": "street_lamp" }, "geometry": { "type": "Point", "coordinates": [ 13.3294169, 52.52309 ] } },
{ "type": "Feature", "properties": { "osm_id": "3276923823", "code": 5209, "fclass": "street_lamp" }, "geometry": { "type": "Point", "coordinates": [ 13.3299264, 52.5231373 ] } },
{ "type": "Feature", "properties": { "osm_id": "3276923824", "code": 5209, "fclass": "street_lamp" }, "geometry": { "type": "Point", "coordinates": [ 13.3421421, 52.523362 ] } },
{ "type": "Feature", "properties": { "osm_id": "3276923825", "code": 5209, "fclass": "street_lamp" }, "geometry": { "type": "Point", "coordinates": [ 13.329455, 52.5233764 ] } },
{ "type": "Feature", "properties": { "osm_id": "3276923826", "code": 5209, "fclass": "street_lamp" }, "geometry": { "type": "Point", "coordinates": [ 13.3299631, 52.5234143 ] } },
{ "type": "Feature", "properties": { "osm_id": "3276923827", "code": 5209, "fclass": "street_lamp" }, "geometry": { "type": "Point", "coordinates": [ 13.3422306, 52.5236376 ] } },
{ "type": "Feature", "properties": { "osm_id": "3276923828", "code": 5209, "fclass": "street_lamp" }, "geometry": { "type": "Point", "coordinates": [ 13.3303679, 52.5237569 ] } },
{ "type": "Feature", "properties": { "osm_id": "3276923829", "code": 5209, "fclass": "street_lamp" }, "geometry": { "type": "Point", "coordinates": [ 13.3307398, 52.5238225 ] } },
{ "type": "Feature", "properties": { "osm_id": "3276923830", "code": 5209, "fclass": "street_lamp" }, "geometry": { "type": "Point", "coordinates": [ 13.3423259, 52.5239019 ] } },
{ "type": "Feature", "properties": { "osm_id": "3276923831", "code": 5209, "fclass": "street_lamp" }, "geometry": { "type": "Point", "coordinates": [ 13.3312563, 52.5239405 ] } },
{ "type": "Feature", "properties": { "osm_id": "3276923832", "code": 5209, "fclass": "street_lamp" }, "geometry": { "type": "Point", "coordinates": [ 13.331668, 52.5240163 ] } },
{ "type": "Feature", "properties": { "osm_id": "3276923833", "code": 5209, "fclass": "street_lamp" }, "geometry": { "type": "Point", "coordinates": [ 13.3424301, 52.5241835 ] } },
{ "type": "Feature", "properties": { "osm_id": "3276923852", "code": 5209, "fclass": "street_lamp" }, "geometry": { "type": "Point", "coordinates": [ 13.3425048, 52.5244239 ] } },
{ "type": "Feature", "properties": { "osm_id": "3276923855", "code": 5209, "fclass": "street_lamp" }, "geometry": { "type": "Point", "coordinates": [ 13.3425883, 52.5246882 ] } },
{ "type": "Feature", "properties": { "osm_id": "3276923856", "code": 5209, "fclass": "street_lamp" }, "geometry": { "type": "Point", "coordinates": [ 13.342665, 52.5249674 ] } },
{ "type": "Feature", "properties": { "osm_id": "3276923857", "code": 5209, "fclass": "street_lamp" }, "geometry": { "type": "Point", "coordinates": [ 13.3357423, 52.5250066 ] } },
{ "type": "Feature", "properties": { "osm_id": "3276923859", "code": 5209, "fclass": "street_lamp" }, "geometry": { "type": "Point", "coordinates": [ 13.3427822, 52.5252517 ] } },
{ "type": "Feature", "properties": { "osm_id": "3276924161", "code": 5209, "fclass": "street_lamp" }, "geometry": { "type": "Point", "coordinates": [ 13.3374799, 52.5254472 ] } },
{ "type": "Feature", "properties": { "osm_id": "3276924164", "code": 5209, "fclass": "street_lamp" }, "geometry": { "type": "Point", "coordinates": [ 13.3382206, 52.5256264 ] } },
{ "type": "Feature", "properties": { "osm_id": "3276924165", "code": 5209, "fclass": "street_lamp" }, "geometry": { "type": "Point", "coordinates": [ 13.3429702, 52.5256593 ] } },
{ "type": "Feature", "properties": { "osm_id": "3276924172", "code": 5209, "fclass": "street_lamp" }, "geometry": { "type": "Point", "coordinates": [ 13.3430543, 52.5260161 ] } },
{ "type": "Feature", "properties": { "osm_id": "3276924178", "code": 5209, "fclass": "street_lamp" }, "geometry": { "type": "Point", "coordinates": [ 13.3434949, 52.5262808 ] } },
{ "type": "Feature", "properties": { "osm_id": "3276924179", "code": 5209, "fclass": "street_lamp" }, "geometry": { "type": "Point", "coordinates": [ 13.3432344, 52.5265314 ] } },
{ "type": "Feature", "properties": { "osm_id": "3276924180", "code": 5209, "fclass": "street_lamp" }, "geometry": { "type": "Point", "coordinates": [ 13.3432699, 52.526834 ] } },
{ "type": "Feature", "properties": { "osm_id": "3276924181", "code": 5209, "fclass": "street_lamp" }, "geometry": { "type": "Point", "coordinates": [ 13.3432784, 52.5271176 ] } },
{ "type": "Feature", "properties": { "osm_id": "3276924182", "code": 5209, "fclass": "street_lamp" }, "geometry": { "type": "Point", "coordinates": [ 13.343276, 52.5273922 ] } },
{ "type": "Feature", "properties": { "osm_id": "3276924183", "code": 5209, "fclass": "street_lamp" }, "geometry": { "type": "Point", "coordinates": [ 13.3432735, 52.5276625 ] } },
{ "type": "Feature", "properties": { "osm_id": "3276924184", "code": 5209, "fclass": "street_lamp" }, "geometry": { "type": "Point", "coordinates": [ 13.3432693, 52.5279337 ] } },
{ "type": "Feature", "properties": { "osm_id": "3276924185", "code": 5209, "fclass": "street_lamp" }, "geometry": { "type": "Point", "coordinates": [ 13.343267, 52.5282051 ] } },
{ "type": "Feature", "properties": { "osm_id": "3276924186", "code": 5209, "fclass": "street_lamp" }, "geometry": { "type": "Point", "coordinates": [ 13.3432663, 52.5284665 ] } },
{ "type": "Feature", "properties": { "osm_id": "3276924187", "code": 5209, "fclass": "street_lamp" }, "geometry": { "type": "Point", "coordinates": [ 13.3432576, 52.5290083 ] } },
{ "type": "Feature", "properties": { "osm_id": "3276924188", "code": 5209, "fclass": "street_lamp" }, "geometry": { "type": "Point", "coordinates": [ 13.3432531, 52.5293133 ] } },
{ "type": "Feature", "properties": { "osm_id": "3276924189", "code": 5209, "fclass": "street_lamp" }, "geometry": { "type": "Point", "coordinates": [ 13.3432549, 52.5295932 ] } },
{ "type": "Feature", "properties": { "osm_id": "3276924190", "code": 5209, "fclass": "street_lamp" }, "geometry": { "type": "Point", "coordinates": [ 13.3432533, 52.5298817 ] } },
{ "type": "Feature", "properties": { "osm_id": "3276924191", "code": 5209, "fclass": "street_lamp" }, "geometry": { "type": "Point", "coordinates": [ 13.3432506, 52.5301568 ] } },
{ "type": "Feature", "properties": { "osm_id": "3276924192", "code": 5209, "fclass": "street_lamp" }, "geometry": { "type": "Point", "coordinates": [ 13.3432474, 52.5304432 ] } },
{ "type": "Feature", "properties": { "osm_id": "3276924193", "code": 5209, "fclass": "street_lamp" }, "geometry": { "type": "Point", "coordinates": [ 13.3432475, 52.5307337 ] } },
{ "type": "Feature", "properties": { "osm_id": "3276924194", "code": 5209, "fclass": "street_lamp" }, "geometry": { "type": "Point", "coordinates": [ 13.343242, 52.5310266 ] } },
{ "type": "Feature", "properties": { "osm_id": "3276924195", "code": 5209, "fclass": "street_lamp" }, "geometry": { "type": "Point", "coordinates": [ 13.3432459, 52.5313106 ] } },
{ "type": "Feature", "properties": { "osm_id": "3276924196", "code": 5209, "fclass": "street_lamp" }, "geometry": { "type": "Point", "coordinates": [ 13.3432465, 52.5315807 ] } },
{ "type": "Feature", "properties": { "osm_id": "3276924197", "code": 5209, "fclass": "street_lamp" }, "geometry": { "type": "Point", "coordinates": [ 13.3431216, 52.5321298 ] } },
{ "type": "Feature", "properties": { "osm_id": "3276924198", "code": 5209, "fclass": "street_lamp" }, "geometry": { "type": "Point", "coordinates": [ 13.34314, 52.5323707 ] } },
{ "type": "Feature", "properties": { "osm_id": "3276924199", "code": 5209, "fclass": "street_lamp" }, "geometry": { "type": "Point", "coordinates": [ 13.3435273, 52.5323904 ] } },
{ "type": "Feature", "properties": { "osm_id": "3276924200", "code": 5209, "fclass": "street_lamp" }, "geometry": { "type": "Point", "coordinates": [ 13.3431651, 52.5326526 ] } },
{ "type": "Feature", "properties": { "osm_id": "3276924201", "code": 5209, "fclass": "street_lamp" }, "geometry": { "type": "Point", "coordinates": [ 13.3435335, 52.5326517 ] } },
{ "type": "Feature", "properties": { "osm_id": "3276924202", "code": 5209, "fclass": "street_lamp" }, "geometry": { "type": "Point", "coordinates": [ 13.343201, 52.5329095 ] } },
{ "type": "Feature", "properties": { "osm_id": "3276924203", "code": 5209, "fclass": "street_lamp" }, "geometry": { "type": "Point", "coordinates": [ 13.3435407, 52.5329161 ] } },
{ "type": "Feature", "properties": { "osm_id": "3276924204", "code": 5209, "fclass": "street_lamp" }, "geometry": { "type": "Point", "coordinates": [ 13.3298043, 52.5329871 ] } },
{ "type": "Feature", "properties": { "osm_id": "3276924205", "code": 5209, "fclass": "street_lamp" }, "geometry": { "type": "Point", "coordinates": [ 13.3301417, 52.5331486 ] } },
{ "type": "Feature", "properties": { "osm_id": "3276924206", "code": 5209, "fclass": "street_lamp" }, "geometry": { "type": "Point", "coordinates": [ 13.3431866, 52.5331693 ] } },
{ "type": "Feature", "properties": { "osm_id": "3276924207", "code": 5209, "fclass": "street_lamp" }, "geometry": { "type": "Point", "coordinates": [ 13.3435545, 52.5331714 ] } },
{ "type": "Feature", "properties": { "osm_id": "3276924208", "code": 5209, "fclass": "street_lamp" }, "geometry": { "type": "Point", "coordinates": [ 13.3304032, 52.5332856 ] } },
{ "type": "Feature", "properties": { "osm_id": "3276924209", "code": 5209, "fclass": "street_lamp" }, "geometry": { "type": "Point", "coordinates": [ 13.3307133, 52.533414 ] } },
{ "type": "Feature", "properties": { "osm_id": "3276924210", "code": 5209, "fclass": "street_lamp" }, "geometry": { "type": "Point", "coordinates": [ 13.3431983, 52.5334436 ] } },
{ "type": "Feature", "properties": { "osm_id": "3276924211", "code": 5209, "fclass": "street_lamp" }, "geometry": { "type": "Point", "coordinates": [ 13.3435673, 52.5334401 ] } },
{ "type": "Feature", "properties": { "osm_id": "3276924212", "code": 5209, "fclass": "street_lamp" }, "geometry": { "type": "Point", "coordinates": [ 13.3310958, 52.5335404 ] } },
{ "type": "Feature", "properties": { "osm_id": "3276924213", "code": 5209, "fclass": "street_lamp" }, "geometry": { "type": "Point", "coordinates": [ 13.3316077, 52.5337039 ] } },
{ "type": "Feature", "properties": { "osm_id": "3276924214", "code": 5209, "fclass": "street_lamp" }, "geometry": { "type": "Point", "coordinates": [ 13.3432108, 52.5337073 ] } },
{ "type": "Feature", "properties": { "osm_id": "3276924215", "code": 5209, "fclass": "street_lamp" }, "geometry": { "type": "Point", "coordinates": [ 13.3435766, 52.5337087 ] } },
{ "type": "Feature", "properties": { "osm_id": "3276924216", "code": 5209, "fclass": "street_lamp" }, "geometry": { "type": "Point", "coordinates": [ 13.3319479, 52.5338058 ] } },
{ "type": "Feature", "properties": { "osm_id": "3276924217", "code": 5209, "fclass": "street_lamp" }, "geometry": { "type": "Point", "coordinates": [ 13.3323745, 52.5338929 ] } },
{ "type": "Feature", "properties": { "osm_id": "3276924218", "code": 5209, "fclass": "street_lamp" }, "geometry": { "type": "Point", "coordinates": [ 13.3326355, 52.5339291 ] } },
{ "type": "Feature", "properties": { "osm_id": "3276924219", "code": 5209, "fclass": "street_lamp" }, "geometry": { "type": "Point", "coordinates": [ 13.3329679, 52.5339642 ] } },
{ "type": "Feature", "properties": { "osm_id": "3276924220", "code": 5209, "fclass": "street_lamp" }, "geometry": { "type": "Point", "coordinates": [ 13.3432218, 52.5339708 ] } },
{ "type": "Feature", "properties": { "osm_id": "3276924221", "code": 5209, "fclass": "street_lamp" }, "geometry": { "type": "Point", "coordinates": [ 13.3435881, 52.533968 ] } },
{ "type": "Feature", "properties": { "osm_id": "3276924222", "code": 5209, "fclass": "street_lamp" }, "geometry": { "type": "Point", "coordinates": [ 13.3333523, 52.5340112 ] } },
{ "type": "Feature", "properties": { "osm_id": "3276924223", "code": 5209, "fclass": "street_lamp" }, "geometry": { "type": "Point", "coordinates": [ 13.3337027, 52.5340598 ] } },
{ "type": "Feature", "properties": { "osm_id": "3276924224", "code": 5209, "fclass": "street_lamp" }, "geometry": { "type": "Point", "coordinates": [ 13.3340729, 52.5341054 ] } },
{ "type": "Feature", "properties": { "osm_id": "3276924225", "code": 5209, "fclass": "street_lamp" }, "geometry": { "type": "Point", "coordinates": [ 13.3344234, 52.5341484 ] } },
{ "type": "Feature", "properties": { "osm_id": "3276924226", "code": 5209, "fclass": "street_lamp" }, "geometry": { "type": "Point", "coordinates": [ 13.3347501, 52.5341896 ] } },
{ "type": "Feature", "properties": { "osm_id": "3276924227", "code": 5209, "fclass": "street_lamp" }, "geometry": { "type": "Point", "coordinates": [ 13.3350515, 52.5342255 ] } },
{ "type": "Feature", "properties": { "osm_id": "3276924228", "code": 5209, "fclass": "street_lamp" }, "geometry": { "type": "Point", "coordinates": [ 13.3436054, 52.5342392 ] } },
{ "type": "Feature", "properties": { "osm_id": "3276924229", "code": 5209, "fclass": "street_lamp" }, "geometry": { "type": "Point", "coordinates": [ 13.3432318, 52.5342423 ] } },
{ "type": "Feature", "properties": { "osm_id": "3276924230", "code": 5209, "fclass": "street_lamp" }, "geometry": { "type": "Point", "coordinates": [ 13.3358409, 52.534324 ] } },
{ "type": "Feature", "properties": { "osm_id": "3276924231", "code": 5209, "fclass": "street_lamp" }, "geometry": { "type": "Point", "coordinates": [ 13.3361968, 52.5343658 ] } },
{ "type": "Feature", "properties": { "osm_id": "3276924232", "code": 5209, "fclass": "street_lamp" }, "geometry": { "type": "Point", "coordinates": [ 13.3414528, 52.5343813 ] } },
{ "type": "Feature", "properties": { "osm_id": "3276924233", "code": 5209, "fclass": "street_lamp" }, "geometry": { "type": "Point", "coordinates": [ 13.3365619, 52.5344072 ] } },
{ "type": "Feature", "properties": { "osm_id": "3276924234", "code": 5209, "fclass": "street_lamp" }, "geometry": { "type": "Point", "coordinates": [ 13.3369597, 52.5344661 ] } },
{ "type": "Feature", "properties": { "osm_id": "3276924235", "code": 5209, "fclass": "street_lamp" }, "geometry": { "type": "Point", "coordinates": [ 13.3432435, 52.5344936 ] } },
{ "type": "Feature", "properties": { "osm_id": "3276924236", "code": 5209, "fclass": "street_lamp" }, "geometry": { "type": "Point", "coordinates": [ 13.3436173, 52.5344836 ] } },
{ "type": "Feature", "properties": { "osm_id": "3276924237", "code": 5209, "fclass": "street_lamp" }, "geometry": { "type": "Point", "coordinates": [ 13.3373234, 52.5345338 ] } },
{ "type": "Feature", "properties": { "osm_id": "3276924238", "code": 5209, "fclass": "street_lamp" }, "geometry": { "type": "Point", "coordinates": [ 13.3376107, 52.5345891 ] } },
{ "type": "Feature", "properties": { "osm_id": "3276924239", "code": 5209, "fclass": "street_lamp" }, "geometry": { "type": "Point", "coordinates": [ 13.3416116, 52.5346183 ] } },
{ "type": "Feature", "properties": { "osm_id": "3276924240", "code": 5209, "fclass": "street_lamp" }, "geometry": { "type": "Point", "coordinates": [ 13.329376, 52.5346515 ] } },
{ "type": "Feature", "properties": { "osm_id": "3276924241", "code": 5209, "fclass": "street_lamp" }, "geometry": { "type": "Point", "coordinates": [ 13.3379698, 52.5346627 ] } },
{ "type": "Feature", "properties": { "osm_id": "3276924242", "code": 5209, "fclass": "street_lamp" }, "geometry": { "type": "Point", "coordinates": [ 13.3298822, 52.534714 ] } },
{ "type": "Feature", "properties": { "osm_id": "3276924243", "code": 5209, "fclass": "street_lamp" }, "geometry": { "type": "Point", "coordinates": [ 13.3436368, 52.5347276 ] } },
{ "type": "Feature", "properties": { "osm_id": "3276924244", "code": 5209, "fclass": "street_lamp" }, "geometry": { "type": "Point", "coordinates": [ 13.3383539, 52.5347359 ] } },
{ "type": "Feature", "properties": { "osm_id": "3276924245", "code": 5209, "fclass": "street_lamp" }, "geometry": { "type": "Point", "coordinates": [ 13.3432633, 52.5347388 ] } },
{ "type": "Feature", "properties": { "osm_id": "3276924246", "code": 5209, "fclass": "street_lamp" }, "geometry": { "type": "Point", "coordinates": [ 13.3304125, 52.5347754 ] } },
{ "type": "Feature", "properties": { "osm_id": "3276924247", "code": 5209, "fclass": "street_lamp" }, "geometry": { "type": "Point", "coordinates": [ 13.3387066, 52.5347938 ] } },
{ "type": "Feature", "properties": { "osm_id": "3276924248", "code": 5209, "fclass": "street_lamp" }, "geometry": { "type": "Point", "coordinates": [ 13.3417514, 52.5348215 ] } },
{ "type": "Feature", "properties": { "osm_id": "3276924249", "code": 5209, "fclass": "street_lamp" }, "geometry": { "type": "Point", "coordinates": [ 13.3309043, 52.5348374 ] } },
{ "type": "Feature", "properties": { "osm_id": "3276924250", "code": 5209, "fclass": "street_lamp" }, "geometry": { "type": "Point", "coordinates": [ 13.3390624, 52.5348407 ] } },
{ "type": "Feature", "properties": { "osm_id": "3276924251", "code": 5209, "fclass": "street_lamp" }, "geometry": { "type": "Point", "coordinates": [ 13.3314698, 52.5348594 ] } },
{ "type": "Feature", "properties": { "osm_id": "3276924252", "code": 5209, "fclass": "street_lamp" }, "geometry": { "type": "Point", "coordinates": [ 13.339434, 52.5348867 ] } },
{ "type": "Feature", "properties": { "osm_id": "3276924253", "code": 5209, "fclass": "street_lamp" }, "geometry": { "type": "Point", "coordinates": [ 13.332183, 52.5349009 ] } },
{ "type": "Feature", "properties": { "osm_id": "3276924254", "code": 5209, "fclass": "street_lamp" }, "geometry": { "type": "Point", "coordinates": [ 13.3314265, 52.5349043 ] } },
{ "type": "Feature", "properties": { "osm_id": "3276924255", "code": 5209, "fclass": "street_lamp" }, "geometry": { "type": "Point", "coordinates": [ 13.3398228, 52.5349335 ] } },
{ "type": "Feature", "properties": { "osm_id": "3276924256", "code": 5209, "fclass": "street_lamp" }, "geometry": { "type": "Point", "coordinates": [ 13.332617, 52.5349579 ] } },
{ "type": "Feature", "properties": { "osm_id": "3276924257", "code": 5209, "fclass": "street_lamp" }, "geometry": { "type": "Point", "coordinates": [ 13.3319287, 52.5349638 ] } },
{ "type": "Feature", "properties": { "osm_id": "3276924258", "code": 5209, "fclass": "street_lamp" }, "geometry": { "type": "Point", "coordinates": [ 13.3401714, 52.5349775 ] } },
{ "type": "Feature", "properties": { "osm_id": "3276924259", "code": 5209, "fclass": "street_lamp" }, "geometry": { "type": "Point", "coordinates": [ 13.3436712, 52.5349923 ] } },
{ "type": "Feature", "properties": { "osm_id": "3276924260", "code": 5209, "fclass": "street_lamp" }, "geometry": { "type": "Point", "coordinates": [ 13.3408996, 52.5350034 ] } },
{ "type": "Feature", "properties": { "osm_id": "3276924461", "code": 5209, "fclass": "street_lamp" }, "geometry": { "type": "Point", "coordinates": [ 13.3404817, 52.5350045 ] } },
{ "type": "Feature", "properties": { "osm_id": "3276924462", "code": 5209, "fclass": "street_lamp" }, "geometry": { "type": "Point", "coordinates": [ 13.3432985, 52.5350086 ] } },
{ "type": "Feature", "properties": { "osm_id": "3276924463", "code": 5209, "fclass": "street_lamp" }, "geometry": { "type": "Point", "coordinates": [ 13.3324389, 52.5350292 ] } },
{ "type": "Feature", "properties": { "osm_id": "3276924464", "code": 5209, "fclass": "street_lamp" }, "geometry": { "type": "Point", "coordinates": [ 13.3332034, 52.5350307 ] } },
{ "type": "Feature", "properties": { "osm_id": "3276924465", "code": 5209, "fclass": "street_lamp" }, "geometry": { "type": "Point", "coordinates": [ 13.3329596, 52.5350873 ] } },
{ "type": "Feature", "properties": { "osm_id": "3276924466", "code": 5209, "fclass": "street_lamp" }, "geometry": { "type": "Point", "coordinates": [ 13.3337706, 52.5350999 ] } },
{ "type": "Feature", "properties": { "osm_id": "3276924467", "code": 5209, "fclass": "street_lamp" }, "geometry": { "type": "Point", "coordinates": [ 13.3343586, 52.5351692 ] } },
{ "type": "Feature", "properties": { "osm_id": "3276924468", "code": 5209, "fclass": "street_lamp" }, "geometry": { "type": "Point", "coordinates": [ 13.3437456, 52.5351806 ] } },
{ "type": "Feature", "properties": { "osm_id": "3276924469", "code": 5209, "fclass": "street_lamp" }, "geometry": { "type": "Point", "coordinates": [ 13.334929, 52.5352385 ] } },
{ "type": "Feature", "properties": { "osm_id": "3276924470", "code": 5209, "fclass": "street_lamp" }, "geometry": { "type": "Point", "coordinates": [ 13.334122, 52.5352434 ] } },
{ "type": "Feature", "properties": { "osm_id": "3276924471", "code": 5209, "fclass": "street_lamp" }, "geometry": { "type": "Point", "coordinates": [ 13.3437013, 52.5352608 ] } },
{ "type": "Feature", "properties": { "osm_id": "3276924472", "code": 5209, "fclass": "street_lamp" }, "geometry": { "type": "Point", "coordinates": [ 13.3439906, 52.5352589 ] } },
{ "type": "Feature", "properties": { "osm_id": "3276924473", "code": 5209, "fclass": "street_lamp" }, "geometry": { "type": "Point", "coordinates": [ 13.3433348, 52.535279 ] } },
{ "type": "Feature", "properties": { "osm_id": "3276924474", "code": 5209, "fclass": "street_lamp" }, "geometry": { "type": "Point", "coordinates": [ 13.3355002, 52.5353127 ] } },
{ "type": "Feature", "properties": { "osm_id": "3276924475", "code": 5209, "fclass": "street_lamp" }, "geometry": { "type": "Point", "coordinates": [ 13.3443883, 52.5353506 ] } },
{ "type": "Feature", "properties": { "osm_id": "3276924476", "code": 5209, "fclass": "street_lamp" }, "geometry": { "type": "Point", "coordinates": [ 13.3448313, 52.5353983 ] } },
{ "type": "Feature", "properties": { "osm_id": "3276924477", "code": 5209, "fclass": "street_lamp" }, "geometry": { "type": "Point", "coordinates": [ 13.3352186, 52.5354249 ] } },
{ "type": "Feature", "properties": { "osm_id": "3276924478", "code": 5209, "fclass": "street_lamp" }, "geometry": { "type": "Point", "coordinates": [ 13.3451328, 52.5354325 ] } },
{ "type": "Feature", "properties": { "osm_id": "3276924479", "code": 5209, "fclass": "street_lamp" }, "geometry": { "type": "Point", "coordinates": [ 13.34557, 52.5354776 ] } },
{ "type": "Feature", "properties": { "osm_id": "3276924480", "code": 5209, "fclass": "street_lamp" }, "geometry": { "type": "Point", "coordinates": [ 13.336284, 52.5355001 ] } },
{ "type": "Feature", "properties": { "osm_id": "3276924481", "code": 5209, "fclass": "street_lamp" }, "geometry": { "type": "Point", "coordinates": [ 13.3357329, 52.5355181 ] } },
{ "type": "Feature", "properties": { "osm_id": "3276924482", "code": 5209, "fclass": "street_lamp" }, "geometry": { "type": "Point", "coordinates": [ 13.345974, 52.5355156 ] } },
{ "type": "Feature", "properties": { "osm_id": "3276924483", "code": 5209, "fclass": "street_lamp" }, "geometry": { "type": "Point", "coordinates": [ 13.3437504, 52.5355207 ] } },
{ "type": "Feature", "properties": { "osm_id": "3276924484", "code": 5209, "fclass": "street_lamp" }, "geometry": { "type": "Point", "coordinates": [ 13.3433832, 52.5355466 ] } },
{ "type": "Feature", "properties": { "osm_id": "3276924485", "code": 5209, "fclass": "street_lamp" }, "geometry": { "type": "Point", "coordinates": [ 13.3463766, 52.5355592 ] } },
{ "type": "Feature", "properties": { "osm_id": "3276924486", "code": 5209, "fclass": "street_lamp" }, "geometry": { "type": "Point", "coordinates": [ 13.336876, 52.5355708 ] } },
{ "type": "Feature", "properties": { "osm_id": "3276924487", "code": 5209, "fclass": "street_lamp" }, "geometry": { "type": "Point", "coordinates": [ 13.3467988, 52.5356052 ] } },
{ "type": "Feature", "properties": { "osm_id": "3276924488", "code": 5209, "fclass": "street_lamp" }, "geometry": { "type": "Point", "coordinates": [ 13.337448, 52.5356514 ] } },
{ "type": "Feature", "properties": { "osm_id": "3276924489", "code": 5209, "fclass": "street_lamp" }, "geometry": { "type": "Point", "coordinates": [ 13.3471951, 52.5356474 ] } },
{ "type": "Feature", "properties": { "osm_id": "3276924490", "code": 5209, "fclass": "street_lamp" }, "geometry": { "type": "Point", "coordinates": [ 13.334477, 52.5356688 ] } },
{ "type": "Feature", "properties": { "osm_id": "3276924491", "code": 5209, "fclass": "street_lamp" }, "geometry": { "type": "Point", "coordinates": [ 13.3475668, 52.5356835 ] } },
{ "type": "Feature", "properties": { "osm_id": "3276924492", "code": 5209, "fclass": "street_lamp" }, "geometry": { "type": "Point", "coordinates": [ 13.3380441, 52.5357216 ] } },
{ "type": "Feature", "properties": { "osm_id": "3276924493", "code": 5209, "fclass": "street_lamp" }, "geometry": { "type": "Point", "coordinates": [ 13.3479901, 52.5357268 ] } },
{ "type": "Feature", "properties": { "osm_id": "3276924494", "code": 5209, "fclass": "street_lamp" }, "geometry": { "type": "Point", "coordinates": [ 13.3350358, 52.5357372 ] } },
{ "type": "Feature", "properties": { "osm_id": "3276924495", "code": 5209, "fclass": "street_lamp" }, "geometry": { "type": "Point", "coordinates": [ 13.3367918, 52.535767 ] } },
{ "type": "Feature", "properties": { "osm_id": "3276924496", "code": 5209, "fclass": "street_lamp" }, "geometry": { "type": "Point", "coordinates": [ 13.3484056, 52.5357715 ] } },
{ "type": "Feature", "properties": { "osm_id": "3276924497", "code": 5209, "fclass": "street_lamp" }, "geometry": { "type": "Point", "coordinates": [ 13.3438032, 52.5357819 ] } },
{ "type": "Feature", "properties": { "osm_id": "3276924498", "code": 5209, "fclass": "street_lamp" }, "geometry": { "type": "Point", "coordinates": [ 13.3386249, 52.535789 ] } },
{ "type": "Feature", "properties": { "osm_id": "3276924499", "code": 5209, "fclass": "street_lamp" }, "geometry": { "type": "Point", "coordinates": [ 13.3488242, 52.5358153 ] } },
{ "type": "Feature", "properties": { "osm_id": "3276924500", "code": 5209, "fclass": "street_lamp" }, "geometry": { "type": "Point", "coordinates": [ 13.3434398, 52.535818 ] } },
{ "type": "Feature", "properties": { "osm_id": "3276924501", "code": 5209, "fclass": "street_lamp" }, "geometry": { "type": "Point", "coordinates": [ 13.3373927, 52.5358382 ] } },
{ "type": "Feature", "properties": { "osm_id": "3276924502", "code": 5209, "fclass": "street_lamp" }, "geometry": { "type": "Point", "coordinates": [ 13.3492367, 52.5358616 ] } },
{ "type": "Feature", "properties": { "osm_id": "3276924503", "code": 5209, "fclass": "street_lamp" }, "geometry": { "type": "Point", "coordinates": [ 13.3392201, 52.5358656 ] } },
{ "type": "Feature", "properties": { "osm_id": "3276924504", "code": 5209, "fclass": "street_lamp" }, "geometry": { "type": "Point", "coordinates": [ 13.3379855, 52.535907 ] } },
{ "type": "Feature", "properties": { "osm_id": "3276924505", "code": 5209, "fclass": "street_lamp" }, "geometry": { "type": "Point", "coordinates": [ 13.3499739, 52.5359346 ] } },
{ "type": "Feature", "properties": { "osm_id": "3276924506", "code": 5209, "fclass": "street_lamp" }, "geometry": { "type": "Point", "coordinates": [ 13.3398138, 52.5359388 ] } },
{ "type": "Feature", "properties": { "osm_id": "3276924507", "code": 5209, "fclass": "street_lamp" }, "geometry": { "type": "Point", "coordinates": [ 13.3385655, 52.5359749 ] } },
{ "type": "Feature", "properties": { "osm_id": "3276924508", "code": 5209, "fclass": "street_lamp" }, "geometry": { "type": "Point", "coordinates": [ 13.340401, 52.535989 ] } },
{ "type": "Feature", "properties": { "osm_id": "3276924509", "code": 5209, "fclass": "street_lamp" }, "geometry": { "type": "Point", "coordinates": [ 13.3496427, 52.536009 ] } },
{ "type": "Feature", "properties": { "osm_id": "3276924510", "code": 5209, "fclass": "street_lamp" }, "geometry": { "type": "Point", "coordinates": [ 13.350601, 52.5360205 ] } },
{ "type": "Feature", "properties": { "osm_id": "3276924511", "code": 5209, "fclass": "street_lamp" }, "geometry": { "type": "Point", "coordinates": [ 13.3391487, 52.5360476 ] } },
{ "type": "Feature", "properties": { "osm_id": "3276924512", "code": 5209, "fclass": "street_lamp" }, "geometry": { "type": "Point", "coordinates": [ 13.3438696, 52.5360427 ] } },
{ "type": "Feature", "properties": { "osm_id": "3276924513", "code": 5209, "fclass": "street_lamp" }, "geometry": { "type": "Point", "coordinates": [ 13.350245, 52.5360891 ] } },
{ "type": "Feature", "properties": { "osm_id": "3276924514", "code": 5209, "fclass": "street_lamp" }, "geometry": { "type": "Point", "coordinates": [ 13.3564873, 52.5360698 ] } },
{ "type": "Feature", "properties": { "osm_id": "3276924515", "code": 5209, "fclass": "street_lamp" }, "geometry": { "type": "Point", "coordinates": [ 13.3434991, 52.536082 ] } },
{ "type": "Feature", "properties": { "osm_id": "3276924516", "code": 5209, "fclass": "street_lamp" }, "geometry": { "type": "Point", "coordinates": [ 13.3409617, 52.5360988 ] } },
{ "type": "Feature", "properties": { "osm_id": "3276924517", "code": 5209, "fclass": "street_lamp" }, "geometry": { "type": "Point", "coordinates": [ 13.3512577, 52.5361142 ] } },
{ "type": "Feature", "properties": { "osm_id": "3276924518", "code": 5209, "fclass": "street_lamp" }, "geometry": { "type": "Point", "coordinates": [ 13.3397512, 52.5361213 ] } },
{ "type": "Feature", "properties": { "osm_id": "3276924519", "code": 5209, "fclass": "street_lamp" }, "geometry": { "type": "Point", "coordinates": [ 13.3509301, 52.5361847 ] } },
{ "type": "Feature", "properties": { "osm_id": "3276924520", "code": 5209, "fclass": "street_lamp" }, "geometry": { "type": "Point", "coordinates": [ 13.3403288, 52.536191 ] } },
{ "type": "Feature", "properties": { "osm_id": "3276924521", "code": 5209, "fclass": "street_lamp" }, "geometry": { "type": "Point", "coordinates": [ 13.3415289, 52.5362057 ] } },
{ "type": "Feature", "properties": { "osm_id": "3276924522", "code": 5209, "fclass": "street_lamp" }, "geometry": { "type": "Point", "coordinates": [ 13.3561956, 52.5362203 ] } },
{ "type": "Feature", "properties": { "osm_id": "3276924523", "code": 5209, "fclass": "street_lamp" }, "geometry": { "type": "Point", "coordinates": [ 13.340912, 52.5362564 ] } },
{ "type": "Feature", "properties": { "osm_id": "3276924524", "code": 5209, "fclass": "street_lamp" }, "geometry": { "type": "Point", "coordinates": [ 13.3519183, 52.5362631 ] } },
{ "type": "Feature", "properties": { "osm_id": "3276924525", "code": 5209, "fclass": "street_lamp" }, "geometry": { "type": "Point", "coordinates": [ 13.3515637, 52.5362947 ] } },
{ "type": "Feature", "properties": { "osm_id": "3276924526", "code": 5209, "fclass": "street_lamp" }, "geometry": { "type": "Point", "coordinates": [ 13.3439342, 52.5363082 ] } },
{ "type": "Feature", "properties": { "osm_id": "3276924527", "code": 5209, "fclass": "street_lamp" }, "geometry": { "type": "Point", "coordinates": [ 13.3414856, 52.5363325 ] } },
{ "type": "Feature", "properties": { "osm_id": "3276924528", "code": 5209, "fclass": "street_lamp" }, "geometry": { "type": "Point", "coordinates": [ 13.3420824, 52.5363433 ] } },
{ "type": "Feature", "properties": { "osm_id": "3276924529", "code": 5209, "fclass": "street_lamp" }, "geometry": { "type": "Point", "coordinates": [ 13.3435698, 52.536349 ] } },
{ "type": "Feature", "properties": { "osm_id": "3276924530", "code": 5209, "fclass": "street_lamp" }, "geometry": { "type": "Point", "coordinates": [ 13.3563438, 52.5364044 ] } },
{ "type": "Feature", "properties": { "osm_id": "3276924531", "code": 5209, "fclass": "street_lamp" }, "geometry": { "type": "Point", "coordinates": [ 13.3426568, 52.5364096 ] } },
{ "type": "Feature", "properties": { "osm_id": "3276924532", "code": 5209, "fclass": "street_lamp" }, "geometry": { "type": "Point", "coordinates": [ 13.3520875, 52.536457 ] } },
{ "type": "Feature", "properties": { "osm_id": "3276924533", "code": 5209, "fclass": "street_lamp" }, "geometry": { "type": "Point", "coordinates": [ 13.3524991, 52.5364817 ] } },
{ "type": "Feature", "properties": { "osm_id": "3276924534", "code": 5209, "fclass": "street_lamp" }, "geometry": { "type": "Point", "coordinates": [ 13.3432344, 52.5364784 ] } },
{ "type": "Feature", "properties": { "osm_id": "3276924535", "code": 5209, "fclass": "street_lamp" }, "geometry": { "type": "Point", "coordinates": [ 13.3559734, 52.5364954 ] } },
{ "type": "Feature", "properties": { "osm_id": "3276924536", "code": 5209, "fclass": "street_lamp" }, "geometry": { "type": "Point", "coordinates": [ 13.3440184, 52.5365761 ] } },
{ "type": "Feature", "properties": { "osm_id": "3276924537", "code": 5209, "fclass": "street_lamp" }, "geometry": { "type": "Point", "coordinates": [ 13.3436576, 52.5366137 ] } },
{ "type": "Feature", "properties": { "osm_id": "3276924538", "code": 5209, "fclass": "street_lamp" }, "geometry": { "type": "Point", "coordinates": [ 13.3525826, 52.536658 ] } },
{ "type": "Feature", "properties": { "osm_id": "3276924539", "code": 5209, "fclass": "street_lamp" }, "geometry": { "type": "Point", "coordinates": [ 13.353108, 52.5366585 ] } },
{ "type": "Feature", "properties": { "osm_id": "3276924540", "code": 5209, "fclass": "street_lamp" }, "geometry": { "type": "Point", "coordinates": [ 13.3554118, 52.5366723 ] } },
{ "type": "Feature", "properties": { "osm_id": "3276924541", "code": 5209, "fclass": "street_lamp" }, "geometry": { "type": "Point", "coordinates": [ 13.3537171, 52.5367054 ] } },
{ "type": "Feature", "properties": { "osm_id": "3276924542", "code": 5209, "fclass": "street_lamp" }, "geometry": { "type": "Point", "coordinates": [ 13.3549965, 52.5367036 ] } },
{ "type": "Feature", "properties": { "osm_id": "3276924543", "code": 5209, "fclass": "street_lamp" }, "geometry": { "type": "Point", "coordinates": [ 13.3558393, 52.5367182 ] } },
{ "type": "Feature", "properties": { "osm_id": "3276924544", "code": 5209, "fclass": "street_lamp" }, "geometry": { "type": "Point", "coordinates": [ 13.3543689, 52.5367235 ] } },
{ "type": "Feature", "properties": { "osm_id": "3276924545", "code": 5209, "fclass": "street_lamp" }, "geometry": { "type": "Point", "coordinates": [ 13.3533688, 52.5368035 ] } },
{ "type": "Feature", "properties": { "osm_id": "3276924546", "code": 5209, "fclass": "street_lamp" }, "geometry": { "type": "Point", "coordinates": [ 13.3552427, 52.5368099 ] } },
{ "type": "Feature", "properties": { "osm_id": "3276924547", "code": 5209, "fclass": "street_lamp" }, "geometry": { "type": "Point", "coordinates": [ 13.3540229, 52.5368397 ] } },
{ "type": "Feature", "properties": { "osm_id": "3276924548", "code": 5209, "fclass": "street_lamp" }, "geometry": { "type": "Point", "coordinates": [ 13.3546856, 52.5368415 ] } },
{ "type": "Feature", "properties": { "osm_id": "3276924549", "code": 5209, "fclass": "street_lamp" }, "geometry": { "type": "Point", "coordinates": [ 13.3439241, 52.5368867 ] } },
{ "type": "Feature", "properties": { "osm_id": "3276924550", "code": 5209, "fclass": "street_lamp" }, "geometry": { "type": "Point", "coordinates": [ 13.3440343, 52.5372224 ] } },
{ "type": "Feature", "properties": { "osm_id": "3276924551", "code": 5209, "fclass": "street_lamp" }, "geometry": { "type": "Point", "coordinates": [ 13.3441383, 52.5375573 ] } },
{ "type": "Feature", "properties": { "osm_id": "3276924552", "code": 5209, "fclass": "street_lamp" }, "geometry": { "type": "Point", "coordinates": [ 13.3442415, 52.5378816 ] } },
{ "type": "Feature", "properties": { "osm_id": "3276924553", "code": 5209, "fclass": "street_lamp" }, "geometry": { "type": "Point", "coordinates": [ 13.340795, 52.5379952 ] } },
{ "type": "Feature", "properties": { "osm_id": "3276924554", "code": 5209, "fclass": "street_lamp" }, "geometry": { "type": "Point", "coordinates": [ 13.3411681, 52.5380937 ] } },
{ "type": "Feature", "properties": { "osm_id": "3276924555", "code": 5209, "fclass": "street_lamp" }, "geometry": { "type": "Point", "coordinates": [ 13.3443731, 52.5382255 ] } },
{ "type": "Feature", "properties": { "osm_id": "3534034268", "code": 5209, "fclass": "street_lamp" }, "geometry": { "type": "Point", "coordinates": [ 13.3660173, 52.5246786 ] } },
{ "type": "Feature", "properties": { "osm_id": "3534034270", "code": 5209, "fclass": "street_lamp" }, "geometry": { "type": "Point", "coordinates": [ 13.3660171, 52.524779 ] } },
{ "type": "Feature", "properties": { "osm_id": "3534034274", "code": 5209, "fclass": "street_lamp" }, "geometry": { "type": "Point", "coordinates": [ 13.3660158, 52.524849 ] } },
{ "type": "Feature", "properties": { "osm_id": "3534034279", "code": 5209, "fclass": "street_lamp" }, "geometry": { "type": "Point", "coordinates": [ 13.3659837, 52.5249737 ] } },
{ "type": "Feature", "properties": { "osm_id": "3534034284", "code": 5209, "fclass": "street_lamp" }, "geometry": { "type": "Point", "coordinates": [ 13.3659235, 52.5250617 ] } },
{ "type": "Feature", "properties": { "osm_id": "4944475155", "code": 5209, "fclass": "street_lamp" }, "geometry": { "type": "Point", "coordinates": [ 13.3606122, 52.5187571 ] } },
{ "type": "Feature", "properties": { "osm_id": "4944475156", "code": 5209, "fclass": "street_lamp" }, "geometry": { "type": "Point", "coordinates": [ 13.3603908, 52.5186455 ] } },
{ "type": "Feature", "properties": { "osm_id": "4944475157", "code": 5209, "fclass": "street_lamp" }, "geometry": { "type": "Point", "coordinates": [ 13.3607989, 52.518852 ] } },
{ "type": "Feature", "properties": { "osm_id": "4944475158", "code": 5209, "fclass": "street_lamp" }, "geometry": { "type": "Point", "coordinates": [ 13.3610197, 52.5189624 ] } },
{ "type": "Feature", "properties": { "osm_id": "4944475159", "code": 5209, "fclass": "street_lamp" }, "geometry": { "type": "Point", "coordinates": [ 13.3612717, 52.5190326 ] } },
{ "type": "Feature", "properties": { "osm_id": "4944475160", "code": 5209, "fclass": "street_lamp" }, "geometry": { "type": "Point", "coordinates": [ 13.3601774, 52.5185428 ] } },
{ "type": "Feature", "properties": { "osm_id": "4944475161", "code": 5209, "fclass": "street_lamp" }, "geometry": { "type": "Point", "coordinates": [ 13.3597647, 52.5183436 ] } },
{ "type": "Feature", "properties": { "osm_id": "4944475162", "code": 5209, "fclass": "street_lamp" }, "geometry": { "type": "Point", "coordinates": [ 13.3595486, 52.518245 ] } },
{ "type": "Feature", "properties": { "osm_id": "4944475163", "code": 5209, "fclass": "street_lamp" }, "geometry": { "type": "Point", "coordinates": [ 13.3593306, 52.5181476 ] } },
{ "type": "Feature", "properties": { "osm_id": "4944475164", "code": 5209, "fclass": "street_lamp" }, "geometry": { "type": "Point", "coordinates": [ 13.3591178, 52.5180527 ] } },
{ "type": "Feature", "properties": { "osm_id": "4944475165", "code": 5209, "fclass": "street_lamp" }, "geometry": { "type": "Point", "coordinates": [ 13.3586524, 52.5178997 ] } },
{ "type": "Feature", "properties": { "osm_id": "4944475166", "code": 5209, "fclass": "street_lamp" }, "geometry": { "type": "Point", "coordinates": [ 13.358403, 52.5178392 ] } },
{ "type": "Feature", "properties": { "osm_id": "4944475167", "code": 5209, "fclass": "street_lamp" }, "geometry": { "type": "Point", "coordinates": [ 13.3581609, 52.5177861 ] } },
{ "type": "Feature", "properties": { "osm_id": "4944475168", "code": 5209, "fclass": "street_lamp" }, "geometry": { "type": "Point", "coordinates": [ 13.3578988, 52.5177325 ] } },
{ "type": "Feature", "properties": { "osm_id": "4944475169", "code": 5209, "fclass": "street_lamp" }, "geometry": { "type": "Point", "coordinates": [ 13.3576514, 52.5176879 ] } },
{ "type": "Feature", "properties": { "osm_id": "4944475170", "code": 5209, "fclass": "street_lamp" }, "geometry": { "type": "Point", "coordinates": [ 13.3573987, 52.5176473 ] } },
{ "type": "Feature", "properties": { "osm_id": "4944475171", "code": 5209, "fclass": "street_lamp" }, "geometry": { "type": "Point", "coordinates": [ 13.3571393, 52.5176083 ] } },
{ "type": "Feature", "properties": { "osm_id": "4944475172", "code": 5209, "fclass": "street_lamp" }, "geometry": { "type": "Point", "coordinates": [ 13.3568592, 52.5175811 ] } },
{ "type": "Feature", "properties": { "osm_id": "4944475173", "code": 5209, "fclass": "street_lamp" }, "geometry": { "type": "Point", "coordinates": [ 13.3566118, 52.5175824 ] } },
{ "type": "Feature", "properties": { "osm_id": "4944475174", "code": 5209, "fclass": "street_lamp" }, "geometry": { "type": "Point", "coordinates": [ 13.3563504, 52.5176059 ] } },
{ "type": "Feature", "properties": { "osm_id": "4944480474", "code": 5209, "fclass": "street_lamp" }, "geometry": { "type": "Point", "coordinates": [ 13.3561004, 52.5176534 ] } },
{ "type": "Feature", "properties": { "osm_id": "4944480475", "code": 5209, "fclass": "street_lamp" }, "geometry": { "type": "Point", "coordinates": [ 13.3556196, 52.5177994 ] } },
{ "type": "Feature", "properties": { "osm_id": "4944480476", "code": 5209, "fclass": "street_lamp" }, "geometry": { "type": "Point", "coordinates": [ 13.3551634, 52.5179443 ] } },
{ "type": "Feature", "properties": { "osm_id": "4944520514", "code": 5209, "fclass": "street_lamp" }, "geometry": { "type": "Point", "coordinates": [ 13.3617104, 52.5192488 ] } },
{ "type": "Feature", "properties": { "osm_id": "4944520515", "code": 5209, "fclass": "street_lamp" }, "geometry": { "type": "Point", "coordinates": [ 13.3614799, 52.5191423 ] } },
{ "type": "Feature", "properties": { "osm_id": "4944520516", "code": 5209, "fclass": "street_lamp" }, "geometry": { "type": "Point", "coordinates": [ 13.3619943, 52.5193576 ] } },
{ "type": "Feature", "properties": { "osm_id": "4944520517", "code": 5209, "fclass": "street_lamp" }, "geometry": { "type": "Point", "coordinates": [ 13.3622614, 52.5194534 ] } },
{ "type": "Feature", "properties": { "osm_id": "4944520518", "code": 5209, "fclass": "street_lamp" }, "geometry": { "type": "Point", "coordinates": [ 13.3625334, 52.5195294 ] } },
{ "type": "Feature", "properties": { "osm_id": "4944520519", "code": 5209, "fclass": "street_lamp" }, "geometry": { "type": "Point", "coordinates": [ 13.3628045, 52.519599 ] } },
{ "type": "Feature", "properties": { "osm_id": "4944520520", "code": 5209, "fclass": "street_lamp" }, "geometry": { "type": "Point", "coordinates": [ 13.363051, 52.5196644 ] } },
{ "type": "Feature", "properties": { "osm_id": "4944523221", "code": 5209, "fclass": "street_lamp" }, "geometry": { "type": "Point", "coordinates": [ 13.36359, 52.5198018 ] } },
{ "type": "Feature", "properties": { "osm_id": "4944523222", "code": 5209, "fclass": "street_lamp" }, "geometry": { "type": "Point", "coordinates": [ 13.363858, 52.5198709 ] } },
{ "type": "Feature", "properties": { "osm_id": "4944523223", "code": 5209, "fclass": "street_lamp" }, "geometry": { "type": "Point", "coordinates": [ 13.3641307, 52.5199406 ] } },
{ "type": "Feature", "properties": { "osm_id": "4944523224", "code": 5209, "fclass": "street_lamp" }, "geometry": { "type": "Point", "coordinates": [ 13.3643978, 52.5200103 ] } },
{ "type": "Feature", "properties": { "osm_id": "4944523225", "code": 5209, "fclass": "street_lamp" }, "geometry": { "type": "Point", "coordinates": [ 13.3646642, 52.5200775 ] } },
{ "type": "Feature", "properties": { "osm_id": "4944523226", "code": 5209, "fclass": "street_lamp" }, "geometry": { "type": "Point", "coordinates": [ 13.3649377, 52.5201477 ] } },
{ "type": "Feature", "properties": { "osm_id": "4944523227", "code": 5209, "fclass": "street_lamp" }, "geometry": { "type": "Point", "coordinates": [ 13.3652057, 52.5202149 ] } },
{ "type": "Feature", "properties": { "osm_id": "4944523228", "code": 5209, "fclass": "street_lamp" }, "geometry": { "type": "Point", "coordinates": [ 13.3654768, 52.5202856 ] } },
{ "type": "Feature", "properties": { "osm_id": "4944523229", "code": 5209, "fclass": "street_lamp" }, "geometry": { "type": "Point", "coordinates": [ 13.3657447, 52.5203625 ] } },
{ "type": "Feature", "properties": { "osm_id": "4944523230", "code": 5209, "fclass": "street_lamp" }, "geometry": { "type": "Point", "coordinates": [ 13.3662576, 52.5205357 ] } },
{ "type": "Feature", "properties": { "osm_id": "4944523231", "code": 5209, "fclass": "street_lamp" }, "geometry": { "type": "Point", "coordinates": [ 13.3667585, 52.5207147 ] } },
{ "type": "Feature", "properties": { "osm_id": "4944523232", "code": 5209, "fclass": "street_lamp" }, "geometry": { "type": "Point", "coordinates": [ 13.3669406, 52.5207955 ] } },
{ "type": "Feature", "properties": { "osm_id": "4944523233", "code": 5209, "fclass": "street_lamp" }, "geometry": { "type": "Point", "coordinates": [ 13.3671473, 52.5209038 ] } },
{ "type": "Feature", "properties": { "osm_id": "4944523234", "code": 5209, "fclass": "street_lamp" }, "geometry": { "type": "Point", "coordinates": [ 13.3673635, 52.5210291 ] } },
{ "type": "Feature", "properties": { "osm_id": "4944523235", "code": 5209, "fclass": "street_lamp" }, "geometry": { "type": "Point", "coordinates": [ 13.367548, 52.5211641 ] } },
{ "type": "Feature", "properties": { "osm_id": "4944523236", "code": 5209, "fclass": "street_lamp" }, "geometry": { "type": "Point", "coordinates": [ 13.3677245, 52.5213006 ] } },
{ "type": "Feature", "properties": { "osm_id": "4944523237", "code": 5209, "fclass": "street_lamp" }, "geometry": { "type": "Point", "coordinates": [ 13.3678509, 52.5214152 ] } },
{ "type": "Feature", "properties": { "osm_id": "4944523238", "code": 5209, "fclass": "street_lamp" }, "geometry": { "type": "Point", "coordinates": [ 13.368029, 52.5216058 ] } },
{ "type": "Feature", "properties": { "osm_id": "4944523239", "code": 5209, "fclass": "street_lamp" }, "geometry": { "type": "Point", "coordinates": [ 13.368157, 52.5217606 ] } },
{ "type": "Feature", "properties": { "osm_id": "4944523240", "code": 5209, "fclass": "street_lamp" }, "geometry": { "type": "Point", "coordinates": [ 13.3682389, 52.5218685 ] } },
{ "type": "Feature", "properties": { "osm_id": "4944527747", "code": 5209, "fclass": "street_lamp" }, "geometry": { "type": "Point", "coordinates": [ 13.368363, 52.5223818 ] } },
{ "type": "Feature", "properties": { "osm_id": "4944527748", "code": 5209, "fclass": "street_lamp" }, "geometry": { "type": "Point", "coordinates": [ 13.3686381, 52.5225632 ] } },
{ "type": "Feature", "properties": { "osm_id": "4944527749", "code": 5209, "fclass": "street_lamp" }, "geometry": { "type": "Point", "coordinates": [ 13.3684743, 52.5226406 ] } },
{ "type": "Feature", "properties": { "osm_id": "4944527750", "code": 5209, "fclass": "street_lamp" }, "geometry": { "type": "Point", "coordinates": [ 13.3686246, 52.5227296 ] } },
{ "type": "Feature", "properties": { "osm_id": "4944527751", "code": 5209, "fclass": "street_lamp" }, "geometry": { "type": "Point", "coordinates": [ 13.3688917, 52.5227142 ] } },
{ "type": "Feature", "properties": { "osm_id": "4944527752", "code": 5209, "fclass": "street_lamp" }, "geometry": { "type": "Point", "coordinates": [ 13.3691581, 52.5228525 ] } },
{ "type": "Feature", "properties": { "osm_id": "4944527753", "code": 5209, "fclass": "street_lamp" }, "geometry": { "type": "Point", "coordinates": [ 13.3688798, 52.5228786 ] } },
{ "type": "Feature", "properties": { "osm_id": "4944527754", "code": 5209, "fclass": "street_lamp" }, "geometry": { "type": "Point", "coordinates": [ 13.3691787, 52.523017 ] } },
{ "type": "Feature", "properties": { "osm_id": "4944527755", "code": 5209, "fclass": "street_lamp" }, "geometry": { "type": "Point", "coordinates": [ 13.3694467, 52.5229797 ] } },
{ "type": "Feature", "properties": { "osm_id": "4944527756", "code": 5209, "fclass": "street_lamp" }, "geometry": { "type": "Point", "coordinates": [ 13.369488, 52.5231433 ] } },
{ "type": "Feature", "properties": { "osm_id": "4944527757", "code": 5209, "fclass": "street_lamp" }, "geometry": { "type": "Point", "coordinates": [ 13.3697464, 52.5230925 ] } },
{ "type": "Feature", "properties": { "osm_id": "4944527758", "code": 5209, "fclass": "street_lamp" }, "geometry": { "type": "Point", "coordinates": [ 13.3698069, 52.5232526 ] } },
{ "type": "Feature", "properties": { "osm_id": "4944527759", "code": 5209, "fclass": "street_lamp" }, "geometry": { "type": "Point", "coordinates": [ 13.3700621, 52.5231931 ] } },
{ "type": "Feature", "properties": { "osm_id": "4944527760", "code": 5209, "fclass": "street_lamp" }, "geometry": { "type": "Point", "coordinates": [ 13.3701424, 52.5233556 ] } },
{ "type": "Feature", "properties": { "osm_id": "4944527761", "code": 5209, "fclass": "street_lamp" }, "geometry": { "type": "Point", "coordinates": [ 13.3703769, 52.5232811 ] } },
{ "type": "Feature", "properties": { "osm_id": "4951375332", "code": 5209, "fclass": "street_lamp" }, "geometry": { "type": "Point", "coordinates": [ 13.3661851, 52.5207796 ] } },
{ "type": "Feature", "properties": { "osm_id": "4951375333", "code": 5209, "fclass": "street_lamp" }, "geometry": { "type": "Point", "coordinates": [ 13.3663575, 52.520778 ] } },
{ "type": "Feature", "properties": { "osm_id": "4951375334", "code": 5209, "fclass": "street_lamp" }, "geometry": { "type": "Point", "coordinates": [ 13.3663622, 52.5208632 ] } },
{ "type": "Feature", "properties": { "osm_id": "4951375335", "code": 5209, "fclass": "street_lamp" }, "geometry": { "type": "Point", "coordinates": [ 13.3658311, 52.5207804 ] } },
{ "type": "Feature", "properties": { "osm_id": "4951375336", "code": 5209, "fclass": "street_lamp" }, "geometry": { "type": "Point", "coordinates": [ 13.3658324, 52.5208657 ] } },
{ "type": "Feature", "properties": { "osm_id": "4951375337", "code": 5209, "fclass": "street_lamp" }, "geometry": { "type": "Point", "coordinates": [ 13.365302, 52.52078 ] } },
{ "type": "Feature", "properties": { "osm_id": "4951375338", "code": 5209, "fclass": "street_lamp" }, "geometry": { "type": "Point", "coordinates": [ 13.3653047, 52.5208653 ] } },
{ "type": "Feature", "properties": { "osm_id": "4951381900", "code": 5209, "fclass": "street_lamp" }, "geometry": { "type": "Point", "coordinates": [ 13.3621457, 52.5208673 ] } },
{ "type": "Feature", "properties": { "osm_id": "4951381901", "code": 5209, "fclass": "street_lamp" }, "geometry": { "type": "Point", "coordinates": [ 13.361972, 52.5208665 ] } },
{ "type": "Feature", "properties": { "osm_id": "4951381902", "code": 5209, "fclass": "street_lamp" }, "geometry": { "type": "Point", "coordinates": [ 13.3617936, 52.5208669 ] } },
{ "type": "Feature", "properties": { "osm_id": "4951381903", "code": 5209, "fclass": "street_lamp" }, "geometry": { "type": "Point", "coordinates": [ 13.3616133, 52.5208681 ] } },
{ "type": "Feature", "properties": { "osm_id": "4951381904", "code": 5209, "fclass": "street_lamp" }, "geometry": { "type": "Point", "coordinates": [ 13.3614383, 52.5208665 ] } },
{ "type": "Feature", "properties": { "osm_id": "4951381905", "code": 5209, "fclass": "street_lamp" }, "geometry": { "type": "Point", "coordinates": [ 13.3612639, 52.5208665 ] } },
{ "type": "Feature", "properties": { "osm_id": "4951381906", "code": 5209, "fclass": "street_lamp" }, "geometry": { "type": "Point", "coordinates": [ 13.3610869, 52.5208665 ] } },
{ "type": "Feature", "properties": { "osm_id": "4951381907", "code": 5209, "fclass": "street_lamp" }, "geometry": { "type": "Point", "coordinates": [ 13.3609139, 52.5208645 ] } },
{ "type": "Feature", "properties": { "osm_id": "4951381908", "code": 5209, "fclass": "street_lamp" }, "geometry": { "type": "Point", "coordinates": [ 13.3607355, 52.5208649 ] } },
{ "type": "Feature", "properties": { "osm_id": "4951381909", "code": 5209, "fclass": "street_lamp" }, "geometry": { "type": "Point", "coordinates": [ 13.3605578, 52.5208645 ] } },
{ "type": "Feature", "properties": { "osm_id": "4951381910", "code": 5209, "fclass": "street_lamp" }, "geometry": { "type": "Point", "coordinates": [ 13.3603875, 52.5208636 ] } },
{ "type": "Feature", "properties": { "osm_id": "4951381911", "code": 5209, "fclass": "street_lamp" }, "geometry": { "type": "Point", "coordinates": [ 13.3602091, 52.5208636 ] } },
{ "type": "Feature", "properties": { "osm_id": "4951381912", "code": 5209, "fclass": "street_lamp" }, "geometry": { "type": "Point", "coordinates": [ 13.3600408, 52.5207771 ] } },
{ "type": "Feature", "properties": { "osm_id": "4951381914", "code": 5209, "fclass": "street_lamp" }, "geometry": { "type": "Point", "coordinates": [ 13.3602158, 52.520778 ] } },
{ "type": "Feature", "properties": { "osm_id": "4951381915", "code": 5209, "fclass": "street_lamp" }, "geometry": { "type": "Point", "coordinates": [ 13.3603808, 52.5207804 ] } },
{ "type": "Feature", "properties": { "osm_id": "4951381916", "code": 5209, "fclass": "street_lamp" }, "geometry": { "type": "Point", "coordinates": [ 13.3605598, 52.52078 ] } },
{ "type": "Feature", "properties": { "osm_id": "4951381917", "code": 5209, "fclass": "street_lamp" }, "geometry": { "type": "Point", "coordinates": [ 13.3607328, 52.52078 ] } },
{ "type": "Feature", "properties": { "osm_id": "4951381918", "code": 5209, "fclass": "street_lamp" }, "geometry": { "type": "Point", "coordinates": [ 13.3609132, 52.5207784 ] } },
{ "type": "Feature", "properties": { "osm_id": "4951381919", "code": 5209, "fclass": "street_lamp" }, "geometry": { "type": "Point", "coordinates": [ 13.3610882, 52.5207784 ] } },
{ "type": "Feature", "properties": { "osm_id": "4951381920", "code": 5209, "fclass": "street_lamp" }, "geometry": { "type": "Point", "coordinates": [ 13.3612646, 52.5207776 ] } },
{ "type": "Feature", "properties": { "osm_id": "4951382221", "code": 5209, "fclass": "street_lamp" }, "geometry": { "type": "Point", "coordinates": [ 13.3614369, 52.520778 ] } },
{ "type": "Feature", "properties": { "osm_id": "4951382222", "code": 5209, "fclass": "street_lamp" }, "geometry": { "type": "Point", "coordinates": [ 13.361618, 52.5207767 ] } },
{ "type": "Feature", "properties": { "osm_id": "4951382223", "code": 5209, "fclass": "street_lamp" }, "geometry": { "type": "Point", "coordinates": [ 13.3617923, 52.5207759 ] } },
{ "type": "Feature", "properties": { "osm_id": "4951382224", "code": 5209, "fclass": "street_lamp" }, "geometry": { "type": "Point", "coordinates": [ 13.3619666, 52.5207767 ] } },
{ "type": "Feature", "properties": { "osm_id": "4951382225", "code": 5209, "fclass": "street_lamp" }, "geometry": { "type": "Point", "coordinates": [ 13.3621423, 52.5207739 ] } },
{ "type": "Feature", "properties": { "osm_id": "4951392832", "code": 5209, "fclass": "street_lamp" }, "geometry": { "type": "Point", "coordinates": [ 13.3625153, 52.52078 ] } },
{ "type": "Feature", "properties": { "osm_id": "4951392833", "code": 5209, "fclass": "street_lamp" }, "geometry": { "type": "Point", "coordinates": [ 13.3626778, 52.5207767 ] } },
{ "type": "Feature", "properties": { "osm_id": "4951392834", "code": 5209, "fclass": "street_lamp" }, "geometry": { "type": "Point", "coordinates": [ 13.3626839, 52.5208665 ] } },
{ "type": "Feature", "properties": { "osm_id": "4951392835", "code": 5209, "fclass": "street_lamp" }, "geometry": { "type": "Point", "coordinates": [ 13.3625159, 52.5208653 ] } },
{ "type": "Feature", "properties": { "osm_id": "4951392836", "code": 5209, "fclass": "street_lamp" }, "geometry": { "type": "Point", "coordinates": [ 13.3633971, 52.5208599 ] } },
{ "type": "Feature", "properties": { "osm_id": "4951392837", "code": 5209, "fclass": "street_lamp" }, "geometry": { "type": "Point", "coordinates": [ 13.3637513, 52.5207742 ] } },
{ "type": "Feature", "properties": { "osm_id": "4951392838", "code": 5209, "fclass": "street_lamp" }, "geometry": { "type": "Point", "coordinates": [ 13.3637575, 52.5208582 ] } },
{ "type": "Feature", "properties": { "osm_id": "4951451353", "code": 5209, "fclass": "street_lamp" }, "geometry": { "type": "Point", "coordinates": [ 13.3661883, 52.5208672 ] } },
{ "type": "Feature", "properties": { "osm_id": "4957417711", "code": 5209, "fclass": "street_lamp" }, "geometry": { "type": "Point", "coordinates": [ 13.3659459, 52.5222536 ] } },
{ "type": "Feature", "properties": { "osm_id": "4957428674", "code": 5209, "fclass": "street_lamp" }, "geometry": { "type": "Point", "coordinates": [ 13.3643826, 52.521274 ] } },
{ "type": "Feature", "properties": { "osm_id": "4957428675", "code": 5209, "fclass": "street_lamp" }, "geometry": { "type": "Point", "coordinates": [ 13.3638877, 52.5210292 ] } },
{ "type": "Feature", "properties": { "osm_id": "5250471762", "code": 5209, "fclass": "street_lamp" }, "geometry": { "type": "Point", "coordinates": [ 13.355387, 52.5189565 ] } },
{ "type": "Feature", "properties": { "osm_id": "5250481062", "code": 5209, "fclass": "street_lamp" }, "geometry": { "type": "Point", "coordinates": [ 13.354821, 52.5180065 ] } },
{ "type": "Feature", "properties": { "osm_id": "5250481063", "code": 5209, "fclass": "street_lamp" }, "geometry": { "type": "Point", "coordinates": [ 13.3548978, 52.518221 ] } },
{ "type": "Feature", "properties": { "osm_id": "5250492629", "code": 5209, "fclass": "street_lamp" }, "geometry": { "type": "Point", "coordinates": [ 13.355403, 52.5183254 ] } },
{ "type": "Feature", "properties": { "osm_id": "5250492630", "code": 5209, "fclass": "street_lamp" }, "geometry": { "type": "Point", "coordinates": [ 13.3554795, 52.5182634 ] } },
{ "type": "Feature", "properties": { "osm_id": "5250492631", "code": 5209, "fclass": "street_lamp" }, "geometry": { "type": "Point", "coordinates": [ 13.3555599, 52.5181957 ] } },
{ "type": "Feature", "properties": { "osm_id": "5250492632", "code": 5209, "fclass": "street_lamp" }, "geometry": { "type": "Point", "coordinates": [ 13.355631, 52.5181296 ] } },
{ "type": "Feature", "properties": { "osm_id": "5250492633", "code": 5209, "fclass": "street_lamp" }, "geometry": { "type": "Point", "coordinates": [ 13.3557128, 52.5180643 ] } },
{ "type": "Feature", "properties": { "osm_id": "5250601236", "code": 5209, "fclass": "street_lamp" }, "geometry": { "type": "Point", "coordinates": [ 13.3553301, 52.5187968 ] } },
{ "type": "Feature", "properties": { "osm_id": "5277469460", "code": 5209, "fclass": "street_lamp" }, "geometry": { "type": "Point", "coordinates": [ 13.3570107, 52.5195395 ] } },
{ "type": "Feature", "properties": { "osm_id": "5310265967", "code": 5209, "fclass": "street_lamp" }, "geometry": { "type": "Point", "coordinates": [ 13.3687934, 52.526601 ] } },
{ "type": "Feature", "properties": { "osm_id": "6217076291", "code": 5209, "fclass": "street_lamp" }, "geometry": { "type": "Point", "coordinates": [ 13.3403997, 52.5379809 ] } },
{ "type": "Feature", "properties": { "osm_id": "6746623821", "code": 5209, "fclass": "street_lamp" }, "geometry": { "type": "Point", "coordinates": [ 13.3410232, 52.5242412 ] } },
{ "type": "Feature", "properties": { "osm_id": "6746623822", "code": 5209, "fclass": "street_lamp" }, "geometry": { "type": "Point", "coordinates": [ 13.3400057, 52.5239658 ] } },
{ "type": "Feature", "properties": { "osm_id": "6746623824", "code": 5209, "fclass": "street_lamp" }, "geometry": { "type": "Point", "coordinates": [ 13.3417018, 52.5242558 ] } },
{ "type": "Feature", "properties": { "osm_id": "6746623827", "code": 5209, "fclass": "street_lamp" }, "geometry": { "type": "Point", "coordinates": [ 13.3420161, 52.5241063 ] } },
{ "type": "Feature", "properties": { "osm_id": "6746623828", "code": 5209, "fclass": "street_lamp" }, "geometry": { "type": "Point", "coordinates": [ 13.3407622, 52.524099 ] } },
{ "type": "Feature", "properties": { "osm_id": "6746623829", "code": 5209, "fclass": "street_lamp" }, "geometry": { "type": "Point", "coordinates": [ 13.3413849, 52.524167 ] } },
{ "type": "Feature", "properties": { "osm_id": "7866118862", "code": 5209, "fclass": "street_lamp" }, "geometry": { "type": "Point", "coordinates": [ 13.3604387, 52.5325548 ] } },
{ "type": "Feature", "properties": { "osm_id": "7866118863", "code": 5209, "fclass": "street_lamp" }, "geometry": { "type": "Point", "coordinates": [ 13.3603875, 52.5323641 ] } },
{ "type": "Feature", "properties": { "osm_id": "7866118864", "code": 5209, "fclass": "street_lamp" }, "geometry": { "type": "Point", "coordinates": [ 13.3606272, 52.5323359 ] } },
{ "type": "Feature", "properties": { "osm_id": "7866118865", "code": 5209, "fclass": "street_lamp" }, "geometry": { "type": "Point", "coordinates": [ 13.360551, 52.5321763 ] } },
{ "type": "Feature", "properties": { "osm_id": "7866118866", "code": 5209, "fclass": "street_lamp" }, "geometry": { "type": "Point", "coordinates": [ 13.3608206, 52.5321268 ] } },
{ "type": "Feature", "properties": { "osm_id": "7866118867", "code": 5209, "fclass": "street_lamp" }, "geometry": { "type": "Point", "coordinates": [ 13.3607252, 52.5319797 ] } },
{ "type": "Feature", "properties": { "osm_id": "7866118868", "code": 5209, "fclass": "street_lamp" }, "geometry": { "type": "Point", "coordinates": [ 13.3610073, 52.5318798 ] } },
{ "type": "Feature", "properties": { "osm_id": "7866118869", "code": 5209, "fclass": "street_lamp" }, "geometry": { "type": "Point", "coordinates": [ 13.3609087, 52.531761 ] } },
{ "type": "Feature", "properties": { "osm_id": "7866118870", "code": 5209, "fclass": "street_lamp" }, "geometry": { "type": "Point", "coordinates": [ 13.361159, 52.5316982 ] } },
{ "type": "Feature", "properties": { "osm_id": "7866118871", "code": 5209, "fclass": "street_lamp" }, "geometry": { "type": "Point", "coordinates": [ 13.3610855, 52.5315503 ] } },
{ "type": "Feature", "properties": { "osm_id": "7866118872", "code": 5209, "fclass": "street_lamp" }, "geometry": { "type": "Point", "coordinates": [ 13.3612841, 52.5315519 ] } },
{ "type": "Feature", "properties": { "osm_id": "7866118873", "code": 5209, "fclass": "street_lamp" }, "geometry": { "type": "Point", "coordinates": [ 13.361249, 52.5313517 ] } },
{ "type": "Feature", "properties": { "osm_id": "7866118874", "code": 5209, "fclass": "street_lamp" }, "geometry": { "type": "Point", "coordinates": [ 13.3614822, 52.5313187 ] } },
{ "type": "Feature", "properties": { "osm_id": "7866118875", "code": 5209, "fclass": "street_lamp" }, "geometry": { "type": "Point", "coordinates": [ 13.3614537, 52.5311354 ] } },
{ "type": "Feature", "properties": { "osm_id": "7866118876", "code": 5209, "fclass": "street_lamp" }, "geometry": { "type": "Point", "coordinates": [ 13.3616769, 52.5310939 ] } },
{ "type": "Feature", "properties": { "osm_id": "7866118877", "code": 5209, "fclass": "street_lamp" }, "geometry": { "type": "Point", "coordinates": [ 13.3615312, 52.530994 ] } },
{ "type": "Feature", "properties": { "osm_id": "7866118878", "code": 5209, "fclass": "street_lamp" }, "geometry": { "type": "Point", "coordinates": [ 13.3617888, 52.5309533 ] } },
{ "type": "Feature", "properties": { "osm_id": "7866118879", "code": 5209, "fclass": "street_lamp" }, "geometry": { "type": "Point", "coordinates": [ 13.3616828, 52.5308187 ] } },
{ "type": "Feature", "properties": { "osm_id": "7866118880", "code": 5209, "fclass": "street_lamp" }, "geometry": { "type": "Point", "coordinates": [ 13.3619179, 52.5307986 ] } },
{ "type": "Feature", "properties": { "osm_id": "7866118881", "code": 5209, "fclass": "street_lamp" }, "geometry": { "type": "Point", "coordinates": [ 13.362104, 52.5305802 ] } },
{ "type": "Feature", "properties": { "osm_id": "7866118882", "code": 5209, "fclass": "street_lamp" }, "geometry": { "type": "Point", "coordinates": [ 13.3619636, 52.5304876 ] } },
{ "type": "Feature", "properties": { "osm_id": "7866118883", "code": 5209, "fclass": "street_lamp" }, "geometry": { "type": "Point", "coordinates": [ 13.3622364, 52.5304271 ] } },
{ "type": "Feature", "properties": { "osm_id": "7866118884", "code": 5209, "fclass": "street_lamp" }, "geometry": { "type": "Point", "coordinates": [ 13.3621643, 52.5302636 ] } },
{ "type": "Feature", "properties": { "osm_id": "7866149585", "code": 5209, "fclass": "street_lamp" }, "geometry": { "type": "Point", "coordinates": [ 13.3624192, 52.5302265 ] } },
{ "type": "Feature", "properties": { "osm_id": "7866149586", "code": 5209, "fclass": "street_lamp" }, "geometry": { "type": "Point", "coordinates": [ 13.3623325, 52.5300662 ] } },
{ "type": "Feature", "properties": { "osm_id": "7866149587", "code": 5209, "fclass": "street_lamp" }, "geometry": { "type": "Point", "coordinates": [ 13.3625689, 52.5300295 ] } },
{ "type": "Feature", "properties": { "osm_id": "7866149588", "code": 5209, "fclass": "street_lamp" }, "geometry": { "type": "Point", "coordinates": [ 13.3624689, 52.5298925 ] } },
{ "type": "Feature", "properties": { "osm_id": "7866149589", "code": 5209, "fclass": "street_lamp" }, "geometry": { "type": "Point", "coordinates": [ 13.3627113, 52.5298526 ] } },
{ "type": "Feature", "properties": { "osm_id": "7866149590", "code": 5209, "fclass": "street_lamp" }, "geometry": { "type": "Point", "coordinates": [ 13.3626484, 52.5296927 ] } },
{ "type": "Feature", "properties": { "osm_id": "7866149591", "code": 5209, "fclass": "street_lamp" }, "geometry": { "type": "Point", "coordinates": [ 13.3629033, 52.5296359 ] } },
{ "type": "Feature", "properties": { "osm_id": "7866149592", "code": 5209, "fclass": "street_lamp" }, "geometry": { "type": "Point", "coordinates": [ 13.3628172, 52.5294872 ] } },
{ "type": "Feature", "properties": { "osm_id": "7866149593", "code": 5209, "fclass": "street_lamp" }, "geometry": { "type": "Point", "coordinates": [ 13.3630596, 52.5294421 ] } },
{ "type": "Feature", "properties": { "osm_id": "7866163247", "code": 5209, "fclass": "street_lamp" }, "geometry": { "type": "Point", "coordinates": [ 13.3688293, 52.5265662 ] } },
{ "type": "Feature", "properties": { "osm_id": "7866163248", "code": 5209, "fclass": "street_lamp" }, "geometry": { "type": "Point", "coordinates": [ 13.3692601, 52.5266059 ] } },
{ "type": "Feature", "properties": { "osm_id": "7866163249", "code": 5209, "fclass": "street_lamp" }, "geometry": { "type": "Point", "coordinates": [ 13.3695144, 52.5266869 ] } },
{ "type": "Feature", "properties": { "osm_id": "7866163250", "code": 5209, "fclass": "street_lamp" }, "geometry": { "type": "Point", "coordinates": [ 13.3690019, 52.5263896 ] } },
{ "type": "Feature", "properties": { "osm_id": "7866163251", "code": 5209, "fclass": "street_lamp" }, "geometry": { "type": "Point", "coordinates": [ 13.3686012, 52.5262602 ] } },
{ "type": "Feature", "properties": { "osm_id": "7866163252", "code": 5209, "fclass": "street_lamp" }, "geometry": { "type": "Point", "coordinates": [ 13.3683419, 52.5261811 ] } },
{ "type": "Feature", "properties": { "osm_id": "7866163253", "code": 5209, "fclass": "street_lamp" }, "geometry": { "type": "Point", "coordinates": [ 13.3682266, 52.5263184 ] } },
{ "type": "Feature", "properties": { "osm_id": "7866163254", "code": 5209, "fclass": "street_lamp" }, "geometry": { "type": "Point", "coordinates": [ 13.3684856, 52.5263962 ] } },
{ "type": "Feature", "properties": { "osm_id": "7866163255", "code": 5209, "fclass": "street_lamp" }, "geometry": { "type": "Point", "coordinates": [ 13.3680815, 52.5261061 ] } },
{ "type": "Feature", "properties": { "osm_id": "7866163256", "code": 5209, "fclass": "street_lamp" }, "geometry": { "type": "Point", "coordinates": [ 13.3681541, 52.526015 ] } },
{ "type": "Feature", "properties": { "osm_id": "7866163257", "code": 5209, "fclass": "street_lamp" }, "geometry": { "type": "Point", "coordinates": [ 13.3684205, 52.5260953 ] } },
{ "type": "Feature", "properties": { "osm_id": "7866163258", "code": 5209, "fclass": "street_lamp" }, "geometry": { "type": "Point", "coordinates": [ 13.3686766, 52.5261731 ] } },
{ "type": "Feature", "properties": { "osm_id": "7866163259", "code": 5209, "fclass": "street_lamp" }, "geometry": { "type": "Point", "coordinates": [ 13.3690809, 52.5263021 ] } },
{ "type": "Feature", "properties": { "osm_id": "7866241520", "code": 5209, "fclass": "street_lamp" }, "geometry": { "type": "Point", "coordinates": [ 13.367636, 52.526639 ] } },
{ "type": "Feature", "properties": { "osm_id": "7866241521", "code": 5209, "fclass": "street_lamp" }, "geometry": { "type": "Point", "coordinates": [ 13.3676525, 52.5268866 ] } },
{ "type": "Feature", "properties": { "osm_id": "7866241522", "code": 5209, "fclass": "street_lamp" }, "geometry": { "type": "Point", "coordinates": [ 13.3676813, 52.5271448 ] } },
{ "type": "Feature", "properties": { "osm_id": "7866241523", "code": 5209, "fclass": "street_lamp" }, "geometry": { "type": "Point", "coordinates": [ 13.367711, 52.5274302 ] } },
{ "type": "Feature", "properties": { "osm_id": "7866241524", "code": 5209, "fclass": "street_lamp" }, "geometry": { "type": "Point", "coordinates": [ 13.3677717, 52.5276944 ] } },
{ "type": "Feature", "properties": { "osm_id": "7866241525", "code": 5209, "fclass": "street_lamp" }, "geometry": { "type": "Point", "coordinates": [ 13.367666, 52.5261061 ] } },
{ "type": "Feature", "properties": { "osm_id": "7866241526", "code": 5209, "fclass": "street_lamp" }, "geometry": { "type": "Point", "coordinates": [ 13.3678696, 52.5257215 ] } },
{ "type": "Feature", "properties": { "osm_id": "7866241527", "code": 5209, "fclass": "street_lamp" }, "geometry": { "type": "Point", "coordinates": [ 13.3681993, 52.5258981 ] } },
{ "type": "Feature", "properties": { "osm_id": "7866241528", "code": 5209, "fclass": "street_lamp" }, "geometry": { "type": "Point", "coordinates": [ 13.3685087, 52.5259915 ] } },
{ "type": "Feature", "properties": { "osm_id": "7866241529", "code": 5209, "fclass": "street_lamp" }, "geometry": { "type": "Point", "coordinates": [ 13.3687743, 52.5260721 ] } },
{ "type": "Feature", "properties": { "osm_id": "7866241530", "code": 5209, "fclass": "street_lamp" }, "geometry": { "type": "Point", "coordinates": [ 13.369163, 52.5261967 ] } },
{ "type": "Feature", "properties": { "osm_id": "7866241531", "code": 5209, "fclass": "street_lamp" }, "geometry": { "type": "Point", "coordinates": [ 13.3679379, 52.5262973 ] } },
{ "type": "Feature", "properties": { "osm_id": "7866241532", "code": 5209, "fclass": "street_lamp" }, "geometry": { "type": "Point", "coordinates": [ 13.3678647, 52.5263551 ] } },
{ "type": "Feature", "properties": { "osm_id": "7866241533", "code": 5209, "fclass": "street_lamp" }, "geometry": { "type": "Point", "coordinates": [ 13.3678817, 52.526537 ] } },
{ "type": "Feature", "properties": { "osm_id": "7866241534", "code": 5209, "fclass": "street_lamp" }, "geometry": { "type": "Point", "coordinates": [ 13.3678987, 52.5267103 ] } },
{ "type": "Feature", "properties": { "osm_id": "7866241535", "code": 5209, "fclass": "street_lamp" }, "geometry": { "type": "Point", "coordinates": [ 13.367915, 52.5268883 ] } },
{ "type": "Feature", "properties": { "osm_id": "7866241536", "code": 5209, "fclass": "street_lamp" }, "geometry": { "type": "Point", "coordinates": [ 13.3679326, 52.5270653 ] } },
{ "type": "Feature", "properties": { "osm_id": "7866241537", "code": 5209, "fclass": "street_lamp" }, "geometry": { "type": "Point", "coordinates": [ 13.3679503, 52.527241 ] } },
{ "type": "Feature", "properties": { "osm_id": "7866241538", "code": 5209, "fclass": "street_lamp" }, "geometry": { "type": "Point", "coordinates": [ 13.3679845, 52.5275078 ] } },
{ "type": "Feature", "properties": { "osm_id": "7866241539", "code": 5209, "fclass": "street_lamp" }, "geometry": { "type": "Point", "coordinates": [ 13.3674823, 52.527598 ] } },
{ "type": "Feature", "properties": { "osm_id": "7866241540", "code": 5209, "fclass": "street_lamp" }, "geometry": { "type": "Point", "coordinates": [ 13.3674337, 52.5272605 ] } },
{ "type": "Feature", "properties": { "osm_id": "7866241541", "code": 5209, "fclass": "street_lamp" }, "geometry": { "type": "Point", "coordinates": [ 13.3674175, 52.527085 ] } },
{ "type": "Feature", "properties": { "osm_id": "7866241542", "code": 5209, "fclass": "street_lamp" }, "geometry": { "type": "Point", "coordinates": [ 13.3674005, 52.5269037 ] } },
{ "type": "Feature", "properties": { "osm_id": "7866241543", "code": 5209, "fclass": "street_lamp" }, "geometry": { "type": "Point", "coordinates": [ 13.367383, 52.5267274 ] } },
{ "type": "Feature", "properties": { "osm_id": "7866241544", "code": 5209, "fclass": "street_lamp" }, "geometry": { "type": "Point", "coordinates": [ 13.3673687, 52.5265454 ] } },
{ "type": "Feature", "properties": { "osm_id": "7866241545", "code": 5209, "fclass": "street_lamp" }, "geometry": { "type": "Point", "coordinates": [ 13.3673538, 52.5263685 ] } },
{ "type": "Feature", "properties": { "osm_id": "7866241546", "code": 5209, "fclass": "street_lamp" }, "geometry": { "type": "Point", "coordinates": [ 13.3673771, 52.5261988 ] } },
{ "type": "Feature", "properties": { "osm_id": "7866299712", "code": 5209, "fclass": "street_lamp" }, "geometry": { "type": "Point", "coordinates": [ 13.3734197, 52.5279866 ] } },
{ "type": "Feature", "properties": { "osm_id": "7866299713", "code": 5209, "fclass": "street_lamp" }, "geometry": { "type": "Point", "coordinates": [ 13.3732616, 52.5281446 ] } },
{ "type": "Feature", "properties": { "osm_id": "7866299714", "code": 5209, "fclass": "street_lamp" }, "geometry": { "type": "Point", "coordinates": [ 13.3731, 52.5283091 ] } },
{ "type": "Feature", "properties": { "osm_id": "7866299715", "code": 5209, "fclass": "street_lamp" }, "geometry": { "type": "Point", "coordinates": [ 13.3729235, 52.5284809 ] } },
{ "type": "Feature", "properties": { "osm_id": "7866299716", "code": 5209, "fclass": "street_lamp" }, "geometry": { "type": "Point", "coordinates": [ 13.372728, 52.5286591 ] } },
{ "type": "Feature", "properties": { "osm_id": "7866299717", "code": 5209, "fclass": "street_lamp" }, "geometry": { "type": "Point", "coordinates": [ 13.3724576, 52.5287832 ] } },
{ "type": "Feature", "properties": { "osm_id": "7866299718", "code": 5209, "fclass": "street_lamp" }, "geometry": { "type": "Point", "coordinates": [ 13.372236, 52.5289631 ] } },
{ "type": "Feature", "properties": { "osm_id": "7866299719", "code": 5209, "fclass": "street_lamp" }, "geometry": { "type": "Point", "coordinates": [ 13.3720535, 52.5291274 ] } },
{ "type": "Feature", "properties": { "osm_id": "7866299720", "code": 5209, "fclass": "street_lamp" }, "geometry": { "type": "Point", "coordinates": [ 13.3718752, 52.5293022 ] } },
{ "type": "Feature", "properties": { "osm_id": "7866299721", "code": 5209, "fclass": "street_lamp" }, "geometry": { "type": "Point", "coordinates": [ 13.371721, 52.5294589 ] } },
{ "type": "Feature", "properties": { "osm_id": "7866299722", "code": 5209, "fclass": "street_lamp" }, "geometry": { "type": "Point", "coordinates": [ 13.371552, 52.5296343 ] } },
{ "type": "Feature", "properties": { "osm_id": "7866299723", "code": 5209, "fclass": "street_lamp" }, "geometry": { "type": "Point", "coordinates": [ 13.3713625, 52.5298182 ] } },
{ "type": "Feature", "properties": { "osm_id": "7866299724", "code": 5209, "fclass": "street_lamp" }, "geometry": { "type": "Point", "coordinates": [ 13.3711771, 52.53 ] } },
{ "type": "Feature", "properties": { "osm_id": "7866299725", "code": 5209, "fclass": "street_lamp" }, "geometry": { "type": "Point", "coordinates": [ 13.3710061, 52.5301747 ] } },
{ "type": "Feature", "properties": { "osm_id": "7866299726", "code": 5209, "fclass": "street_lamp" }, "geometry": { "type": "Point", "coordinates": [ 13.3708393, 52.530354 ] } },
{ "type": "Feature", "properties": { "osm_id": "7866299727", "code": 5209, "fclass": "street_lamp" }, "geometry": { "type": "Point", "coordinates": [ 13.370668, 52.5305527 ] } },
{ "type": "Feature", "properties": { "osm_id": "7866299728", "code": 5209, "fclass": "street_lamp" }, "geometry": { "type": "Point", "coordinates": [ 13.3705276, 52.5307221 ] } },
{ "type": "Feature", "properties": { "osm_id": "7866299729", "code": 5209, "fclass": "street_lamp" }, "geometry": { "type": "Point", "coordinates": [ 13.370402, 52.5309148 ] } },
{ "type": "Feature", "properties": { "osm_id": "7866299730", "code": 5209, "fclass": "street_lamp" }, "geometry": { "type": "Point", "coordinates": [ 13.3702557, 52.5311064 ] } },
{ "type": "Feature", "properties": { "osm_id": "7866299731", "code": 5209, "fclass": "street_lamp" }, "geometry": { "type": "Point", "coordinates": [ 13.3701061, 52.5312956 ] } },
{ "type": "Feature", "properties": { "osm_id": "7866333393", "code": 5209, "fclass": "street_lamp" }, "geometry": { "type": "Point", "coordinates": [ 13.3680657, 52.527792 ] } },
{ "type": "Feature", "properties": { "osm_id": "7866333394", "code": 5209, "fclass": "street_lamp" }, "geometry": { "type": "Point", "coordinates": [ 13.3676158, 52.5278743 ] } },
{ "type": "Feature", "properties": { "osm_id": "7866333395", "code": 5209, "fclass": "street_lamp" }, "geometry": { "type": "Point", "coordinates": [ 13.3679116, 52.5279579 ] } },
{ "type": "Feature", "properties": { "osm_id": "7866333396", "code": 5209, "fclass": "street_lamp" }, "geometry": { "type": "Point", "coordinates": [ 13.3682389, 52.5281142 ] } },
{ "type": "Feature", "properties": { "osm_id": "7866333397", "code": 5209, "fclass": "street_lamp" }, "geometry": { "type": "Point", "coordinates": [ 13.3679125, 52.5281798 ] } },
{ "type": "Feature", "properties": { "osm_id": "7866333398", "code": 5209, "fclass": "street_lamp" }, "geometry": { "type": "Point", "coordinates": [ 13.3682664, 52.5283285 ] } },
{ "type": "Feature", "properties": { "osm_id": "7866333399", "code": 5209, "fclass": "street_lamp" }, "geometry": { "type": "Point", "coordinates": [ 13.3685686, 52.5283879 ] } },
{ "type": "Feature", "properties": { "osm_id": "7866333400", "code": 5209, "fclass": "street_lamp" }, "geometry": { "type": "Point", "coordinates": [ 13.3683859, 52.5285218 ] } },
{ "type": "Feature", "properties": { "osm_id": "7866333401", "code": 5209, "fclass": "street_lamp" }, "geometry": { "type": "Point", "coordinates": [ 13.3687835, 52.5286342 ] } },
{ "type": "Feature", "properties": { "osm_id": "7866333402", "code": 5209, "fclass": "street_lamp" }, "geometry": { "type": "Point", "coordinates": [ 13.3689721, 52.5288031 ] } },
{ "type": "Feature", "properties": { "osm_id": "7866333403", "code": 5209, "fclass": "street_lamp" }, "geometry": { "type": "Point", "coordinates": [ 13.3691448, 52.528663 ] } },
{ "type": "Feature", "properties": { "osm_id": "7866333404", "code": 5209, "fclass": "street_lamp" }, "geometry": { "type": "Point", "coordinates": [ 13.3693823, 52.5288662 ] } },
{ "type": "Feature", "properties": { "osm_id": "7866371657", "code": 5209, "fclass": "street_lamp" }, "geometry": { "type": "Point", "coordinates": [ 13.3685498, 52.5258403 ] } },
{ "type": "Feature", "properties": { "osm_id": "7866371658", "code": 5209, "fclass": "street_lamp" }, "geometry": { "type": "Point", "coordinates": [ 13.3687761, 52.5258427 ] } },
{ "type": "Feature", "properties": { "osm_id": "7866371659", "code": 5209, "fclass": "street_lamp" }, "geometry": { "type": "Point", "coordinates": [ 13.3689754, 52.5258429 ] } },
{ "type": "Feature", "properties": { "osm_id": "7866371660", "code": 5209, "fclass": "street_lamp" }, "geometry": { "type": "Point", "coordinates": [ 13.3692037, 52.5258444 ] } },
{ "type": "Feature", "properties": { "osm_id": "7866371661", "code": 5209, "fclass": "street_lamp" }, "geometry": { "type": "Point", "coordinates": [ 13.3694572, 52.5258469 ] } },
{ "type": "Feature", "properties": { "osm_id": "7866371662", "code": 5209, "fclass": "street_lamp" }, "geometry": { "type": "Point", "coordinates": [ 13.3697246, 52.525847 ] } },
{ "type": "Feature", "properties": { "osm_id": "7866371663", "code": 5209, "fclass": "street_lamp" }, "geometry": { "type": "Point", "coordinates": [ 13.3699964, 52.5258479 ] } },
{ "type": "Feature", "properties": { "osm_id": "7866371664", "code": 5209, "fclass": "street_lamp" }, "geometry": { "type": "Point", "coordinates": [ 13.3702686, 52.5258485 ] } },
{ "type": "Feature", "properties": { "osm_id": "7866371665", "code": 5209, "fclass": "street_lamp" }, "geometry": { "type": "Point", "coordinates": [ 13.370583, 52.5235861 ] } },
{ "type": "Feature", "properties": { "osm_id": "7866371666", "code": 5209, "fclass": "street_lamp" }, "geometry": { "type": "Point", "coordinates": [ 13.3707854, 52.5235901 ] } },
{ "type": "Feature", "properties": { "osm_id": "7866371667", "code": 5209, "fclass": "street_lamp" }, "geometry": { "type": "Point", "coordinates": [ 13.3705868, 52.5238134 ] } },
{ "type": "Feature", "properties": { "osm_id": "7866371668", "code": 5209, "fclass": "street_lamp" }, "geometry": { "type": "Point", "coordinates": [ 13.3707824, 52.5238124 ] } },
{ "type": "Feature", "properties": { "osm_id": "7866371669", "code": 5209, "fclass": "street_lamp" }, "geometry": { "type": "Point", "coordinates": [ 13.3705811, 52.5240089 ] } },
{ "type": "Feature", "properties": { "osm_id": "7866371670", "code": 5209, "fclass": "street_lamp" }, "geometry": { "type": "Point", "coordinates": [ 13.3707776, 52.5240089 ] } },
{ "type": "Feature", "properties": { "osm_id": "7866371671", "code": 5209, "fclass": "street_lamp" }, "geometry": { "type": "Point", "coordinates": [ 13.3706367, 52.5241573 ] } },
{ "type": "Feature", "properties": { "osm_id": "7866371672", "code": 5209, "fclass": "street_lamp" }, "geometry": { "type": "Point", "coordinates": [ 13.3707788, 52.5242305 ] } },
{ "type": "Feature", "properties": { "osm_id": "7866371673", "code": 5209, "fclass": "street_lamp" }, "geometry": { "type": "Point", "coordinates": [ 13.3707807, 52.5243877 ] } },
{ "type": "Feature", "properties": { "osm_id": "7866371674", "code": 5209, "fclass": "street_lamp" }, "geometry": { "type": "Point", "coordinates": [ 13.3707749, 52.5258587 ] } },
{ "type": "Feature", "properties": { "osm_id": "7866371675", "code": 5209, "fclass": "street_lamp" }, "geometry": { "type": "Point", "coordinates": [ 13.370571, 52.5259719 ] } },
{ "type": "Feature", "properties": { "osm_id": "7866371676", "code": 5209, "fclass": "street_lamp" }, "geometry": { "type": "Point", "coordinates": [ 13.3707744, 52.5259716 ] } },
{ "type": "Feature", "properties": { "osm_id": "7866371677", "code": 5209, "fclass": "street_lamp" }, "geometry": { "type": "Point", "coordinates": [ 13.3705731, 52.5261303 ] } },
{ "type": "Feature", "properties": { "osm_id": "7866371678", "code": 5209, "fclass": "street_lamp" }, "geometry": { "type": "Point", "coordinates": [ 13.3707716, 52.5261303 ] } },
{ "type": "Feature", "properties": { "osm_id": "7866371679", "code": 5209, "fclass": "street_lamp" }, "geometry": { "type": "Point", "coordinates": [ 13.370571, 52.5262865 ] } },
{ "type": "Feature", "properties": { "osm_id": "7866371680", "code": 5209, "fclass": "street_lamp" }, "geometry": { "type": "Point", "coordinates": [ 13.3707723, 52.5262878 ] } },
{ "type": "Feature", "properties": { "osm_id": "7866371681", "code": 5209, "fclass": "street_lamp" }, "geometry": { "type": "Point", "coordinates": [ 13.3705704, 52.5264452 ] } },
{ "type": "Feature", "properties": { "osm_id": "7866371682", "code": 5209, "fclass": "street_lamp" }, "geometry": { "type": "Point", "coordinates": [ 13.3707689, 52.5264431 ] } },
{ "type": "Feature", "properties": { "osm_id": "7866371683", "code": 5209, "fclass": "street_lamp" }, "geometry": { "type": "Point", "coordinates": [ 13.3705328, 52.526552 ] } },
{ "type": "Feature", "properties": { "osm_id": "7866371684", "code": 5209, "fclass": "street_lamp" }, "geometry": { "type": "Point", "coordinates": [ 13.3707668, 52.5266052 ] } },
{ "type": "Feature", "properties": { "osm_id": "7923529951", "code": 5209, "fclass": "street_lamp" }, "geometry": { "type": "Point", "coordinates": [ 13.3170377, 52.5233864 ] } },
{ "type": "Feature", "properties": { "osm_id": "7923553620", "code": 5209, "fclass": "street_lamp" }, "geometry": { "type": "Point", "coordinates": [ 13.3273545, 52.524312 ] } },
{ "type": "Feature", "properties": { "osm_id": "7923553621", "code": 5209, "fclass": "street_lamp" }, "geometry": { "type": "Point", "coordinates": [ 13.3270895, 52.524572 ] } },
{ "type": "Feature", "properties": { "osm_id": "7923553622", "code": 5209, "fclass": "street_lamp" }, "geometry": { "type": "Point", "coordinates": [ 13.326598, 52.5245875 ] } },
{ "type": "Feature", "properties": { "osm_id": "7923553623", "code": 5209, "fclass": "street_lamp" }, "geometry": { "type": "Point", "coordinates": [ 13.3263677, 52.5248422 ] } },
{ "type": "Feature", "properties": { "osm_id": "7923553624", "code": 5209, "fclass": "street_lamp" }, "geometry": { "type": "Point", "coordinates": [ 13.3258888, 52.5248446 ] } },
{ "type": "Feature", "properties": { "osm_id": "7923553625", "code": 5209, "fclass": "street_lamp" }, "geometry": { "type": "Point", "coordinates": [ 13.3256315, 52.5250778 ] } },
{ "type": "Feature", "properties": { "osm_id": "7923553626", "code": 5209, "fclass": "street_lamp" }, "geometry": { "type": "Point", "coordinates": [ 13.3251584, 52.525039 ] } },
{ "type": "Feature", "properties": { "osm_id": "7923553627", "code": 5209, "fclass": "street_lamp" }, "geometry": { "type": "Point", "coordinates": [ 13.3248639, 52.5252681 ] } },
{ "type": "Feature", "properties": { "osm_id": "7923553628", "code": 5209, "fclass": "street_lamp" }, "geometry": { "type": "Point", "coordinates": [ 13.3243917, 52.5252308 ] } },
{ "type": "Feature", "properties": { "osm_id": "7923553629", "code": 5209, "fclass": "street_lamp" }, "geometry": { "type": "Point", "coordinates": [ 13.3241035, 52.5254599 ] } },
{ "type": "Feature", "properties": { "osm_id": "7923553630", "code": 5209, "fclass": "street_lamp" }, "geometry": { "type": "Point", "coordinates": [ 13.3236552, 52.5253993 ] } },
{ "type": "Feature", "properties": { "osm_id": "7923553631", "code": 5209, "fclass": "street_lamp" }, "geometry": { "type": "Point", "coordinates": [ 13.3233873, 52.5256004 ] } },
{ "type": "Feature", "properties": { "osm_id": "7923553632", "code": 5209, "fclass": "street_lamp" }, "geometry": { "type": "Point", "coordinates": [ 13.3229377, 52.5255072 ] } },
{ "type": "Feature", "properties": { "osm_id": "7923553633", "code": 5209, "fclass": "street_lamp" }, "geometry": { "type": "Point", "coordinates": [ 13.3225244, 52.5257044 ] } },
{ "type": "Feature", "properties": { "osm_id": "7923553634", "code": 5209, "fclass": "street_lamp" }, "geometry": { "type": "Point", "coordinates": [ 13.3220282, 52.5256232 ] } },
{ "type": "Feature", "properties": { "osm_id": "7923553635", "code": 5209, "fclass": "street_lamp" }, "geometry": { "type": "Point", "coordinates": [ 13.3218076, 52.5258011 ] } },
{ "type": "Feature", "properties": { "osm_id": "7923553636", "code": 5209, "fclass": "street_lamp" }, "geometry": { "type": "Point", "coordinates": [ 13.3211547, 52.5257266 ] } },
{ "type": "Feature", "properties": { "osm_id": "7923553637", "code": 5209, "fclass": "street_lamp" }, "geometry": { "type": "Point", "coordinates": [ 13.3209659, 52.5258968 ] } },
{ "type": "Feature", "properties": { "osm_id": "7923553638", "code": 5209, "fclass": "street_lamp" }, "geometry": { "type": "Point", "coordinates": [ 13.3204191, 52.5257592 ] } },
{ "type": "Feature", "properties": { "osm_id": "7923553639", "code": 5209, "fclass": "street_lamp" }, "geometry": { "type": "Point", "coordinates": [ 13.3201107, 52.525905 ] } },
{ "type": "Feature", "properties": { "osm_id": "7923553640", "code": 5209, "fclass": "street_lamp" }, "geometry": { "type": "Point", "coordinates": [ 13.3197393, 52.5257511 ] } },
{ "type": "Feature", "properties": { "osm_id": "7923553641", "code": 5209, "fclass": "street_lamp" }, "geometry": { "type": "Point", "coordinates": [ 13.3193354, 52.5258933 ] } },
{ "type": "Feature", "properties": { "osm_id": "7923553642", "code": 5209, "fclass": "street_lamp" }, "geometry": { "type": "Point", "coordinates": [ 13.3188859, 52.5257401 ] } },
{ "type": "Feature", "properties": { "osm_id": "7923553643", "code": 5209, "fclass": "street_lamp" }, "geometry": { "type": "Point", "coordinates": [ 13.318542, 52.5258837 ] } },
{ "type": "Feature", "properties": { "osm_id": "7923553644", "code": 5209, "fclass": "street_lamp" }, "geometry": { "type": "Point", "coordinates": [ 13.3181159, 52.5257305 ] } },
{ "type": "Feature", "properties": { "osm_id": "7923553645", "code": 5209, "fclass": "street_lamp" }, "geometry": { "type": "Point", "coordinates": [ 13.3176437, 52.5258745 ] } },
{ "type": "Feature", "properties": { "osm_id": "7923553646", "code": 5209, "fclass": "street_lamp" }, "geometry": { "type": "Point", "coordinates": [ 13.317276, 52.5257271 ] } },
{ "type": "Feature", "properties": { "osm_id": "7923553647", "code": 5209, "fclass": "street_lamp" }, "geometry": { "type": "Point", "coordinates": [ 13.3169794, 52.525873 ] } },
{ "type": "Feature", "properties": { "osm_id": "7923553648", "code": 5209, "fclass": "street_lamp" }, "geometry": { "type": "Point", "coordinates": [ 13.3164971, 52.5257166 ] } },
{ "type": "Feature", "properties": { "osm_id": "7923553649", "code": 5209, "fclass": "street_lamp" }, "geometry": { "type": "Point", "coordinates": [ 13.3161988, 52.5258662 ] } },
{ "type": "Feature", "properties": { "osm_id": "7923553650", "code": 5209, "fclass": "street_lamp" }, "geometry": { "type": "Point", "coordinates": [ 13.3156699, 52.5257156 ] } },
{ "type": "Feature", "properties": { "osm_id": "7923553651", "code": 5209, "fclass": "street_lamp" }, "geometry": { "type": "Point", "coordinates": [ 13.3151457, 52.5258535 ] } },
{ "type": "Feature", "properties": { "osm_id": "7923611651", "code": 5209, "fclass": "street_lamp" }, "geometry": { "type": "Point", "coordinates": [ 13.3428771, 52.5350258 ] } },
{ "type": "Feature", "properties": { "osm_id": "7923611652", "code": 5209, "fclass": "street_lamp" }, "geometry": { "type": "Point", "coordinates": [ 13.3562851, 52.5358372 ] } },
{ "type": "Feature", "properties": { "osm_id": "7923611653", "code": 5209, "fclass": "street_lamp" }, "geometry": { "type": "Point", "coordinates": [ 13.3566259, 52.5358103 ] } },
{ "type": "Feature", "properties": { "osm_id": "7923611654", "code": 5209, "fclass": "street_lamp" }, "geometry": { "type": "Point", "coordinates": [ 13.3564289, 52.535567 ] } },
{ "type": "Feature", "properties": { "osm_id": "7923611655", "code": 5209, "fclass": "street_lamp" }, "geometry": { "type": "Point", "coordinates": [ 13.3569437, 52.5358667 ] } },
{ "type": "Feature", "properties": { "osm_id": "7923611656", "code": 5209, "fclass": "street_lamp" }, "geometry": { "type": "Point", "coordinates": [ 13.3569224, 52.535593 ] } },
{ "type": "Feature", "properties": { "osm_id": "7923611657", "code": 5209, "fclass": "street_lamp" }, "geometry": { "type": "Point", "coordinates": [ 13.3563656, 52.5353155 ] } },
{ "type": "Feature", "properties": { "osm_id": "7923611658", "code": 5209, "fclass": "street_lamp" }, "geometry": { "type": "Point", "coordinates": [ 13.3574633, 52.536076 ] } },
{ "type": "Feature", "properties": { "osm_id": "7923611659", "code": 5209, "fclass": "street_lamp" }, "geometry": { "type": "Point", "coordinates": [ 13.3576278, 52.5359196 ] } },
{ "type": "Feature", "properties": { "osm_id": "7923611660", "code": 5209, "fclass": "street_lamp" }, "geometry": { "type": "Point", "coordinates": [ 13.3574015, 52.5358271 ] } },
{ "type": "Feature", "properties": { "osm_id": "7923611662", "code": 5209, "fclass": "street_lamp" }, "geometry": { "type": "Point", "coordinates": [ 13.3596541, 52.5374319 ] } },
{ "type": "Feature", "properties": { "osm_id": "7923611663", "code": 5209, "fclass": "street_lamp" }, "geometry": { "type": "Point", "coordinates": [ 13.3592499, 52.5375509 ] } },
{ "type": "Feature", "properties": { "osm_id": "7923611664", "code": 5209, "fclass": "street_lamp" }, "geometry": { "type": "Point", "coordinates": [ 13.3588482, 52.5376626 ] } },
{ "type": "Feature", "properties": { "osm_id": "7923611665", "code": 5209, "fclass": "street_lamp" }, "geometry": { "type": "Point", "coordinates": [ 13.358472, 52.5377641 ] } },
{ "type": "Feature", "properties": { "osm_id": "7923611666", "code": 5209, "fclass": "street_lamp" }, "geometry": { "type": "Point", "coordinates": [ 13.3580367, 52.5378824 ] } },
{ "type": "Feature", "properties": { "osm_id": "7923611667", "code": 5209, "fclass": "street_lamp" }, "geometry": { "type": "Point", "coordinates": [ 13.3576305, 52.5379921 ] } },
{ "type": "Feature", "properties": { "osm_id": "7923611668", "code": 5209, "fclass": "street_lamp" }, "geometry": { "type": "Point", "coordinates": [ 13.3568034, 52.5384043 ] } },
{ "type": "Feature", "properties": { "osm_id": "7923611669", "code": 5209, "fclass": "street_lamp" }, "geometry": { "type": "Point", "coordinates": [ 13.3564019, 52.5384855 ] } },
{ "type": "Feature", "properties": { "osm_id": "7923611670", "code": 5209, "fclass": "street_lamp" }, "geometry": { "type": "Point", "coordinates": [ 13.3560613, 52.5385756 ] } },
{ "type": "Feature", "properties": { "osm_id": "7923611671", "code": 5209, "fclass": "street_lamp" }, "geometry": { "type": "Point", "coordinates": [ 13.3556598, 52.5386855 ] } },
{ "type": "Feature", "properties": { "osm_id": "7923611672", "code": 5209, "fclass": "street_lamp" }, "geometry": { "type": "Point", "coordinates": [ 13.3552597, 52.5387935 ] } },
{ "type": "Feature", "properties": { "osm_id": "7923611673", "code": 5209, "fclass": "street_lamp" }, "geometry": { "type": "Point", "coordinates": [ 13.3548458, 52.5388836 ] } },
{ "type": "Feature", "properties": { "osm_id": "7923611674", "code": 5209, "fclass": "street_lamp" }, "geometry": { "type": "Point", "coordinates": [ 13.3544332, 52.5389504 ] } },
{ "type": "Feature", "properties": { "osm_id": "7923611675", "code": 5209, "fclass": "street_lamp" }, "geometry": { "type": "Point", "coordinates": [ 13.3539759, 52.5389901 ] } },
{ "type": "Feature", "properties": { "osm_id": "7923611676", "code": 5209, "fclass": "street_lamp" }, "geometry": { "type": "Point", "coordinates": [ 13.3535342, 52.5389984 ] } },
{ "type": "Feature", "properties": { "osm_id": "7923611677", "code": 5209, "fclass": "street_lamp" }, "geometry": { "type": "Point", "coordinates": [ 13.3531124, 52.5389525 ] } },
{ "type": "Feature", "properties": { "osm_id": "7923611678", "code": 5209, "fclass": "street_lamp" }, "geometry": { "type": "Point", "coordinates": [ 13.3526432, 52.5387444 ] } },
{ "type": "Feature", "properties": { "osm_id": "7923611679", "code": 5209, "fclass": "street_lamp" }, "geometry": { "type": "Point", "coordinates": [ 13.3526518, 52.5388843 ] } },
{ "type": "Feature", "properties": { "osm_id": "7923611680", "code": 5209, "fclass": "street_lamp" }, "geometry": { "type": "Point", "coordinates": [ 13.352256, 52.5387738 ] } },
{ "type": "Feature", "properties": { "osm_id": "7923611681", "code": 5209, "fclass": "street_lamp" }, "geometry": { "type": "Point", "coordinates": [ 13.3513458, 52.5385727 ] } },
{ "type": "Feature", "properties": { "osm_id": "7923611682", "code": 5209, "fclass": "street_lamp" }, "geometry": { "type": "Point", "coordinates": [ 13.3509003, 52.5384776 ] } },
{ "type": "Feature", "properties": { "osm_id": "7923611683", "code": 5209, "fclass": "street_lamp" }, "geometry": { "type": "Point", "coordinates": [ 13.3504759, 52.5383832 ] } },
{ "type": "Feature", "properties": { "osm_id": "7923611684", "code": 5209, "fclass": "street_lamp" }, "geometry": { "type": "Point", "coordinates": [ 13.3500304, 52.5382866 ] } },
{ "type": "Feature", "properties": { "osm_id": "7923664390", "code": 5209, "fclass": "street_lamp" }, "geometry": { "type": "Point", "coordinates": [ 13.3282282, 52.5390166 ] } },
{ "type": "Feature", "properties": { "osm_id": "7923664391", "code": 5209, "fclass": "street_lamp" }, "geometry": { "type": "Point", "coordinates": [ 13.3286927, 52.5391316 ] } },
{ "type": "Feature", "properties": { "osm_id": "7923664392", "code": 5209, "fclass": "street_lamp" }, "geometry": { "type": "Point", "coordinates": [ 13.3291284, 52.5392398 ] } },
{ "type": "Feature", "properties": { "osm_id": "7923664393", "code": 5209, "fclass": "street_lamp" }, "geometry": { "type": "Point", "coordinates": [ 13.3299423, 52.5393156 ] } },
{ "type": "Feature", "properties": { "osm_id": "7923664394", "code": 5209, "fclass": "street_lamp" }, "geometry": { "type": "Point", "coordinates": [ 13.3303588, 52.5394549 ] } },
{ "type": "Feature", "properties": { "osm_id": "7923664395", "code": 5209, "fclass": "street_lamp" }, "geometry": { "type": "Point", "coordinates": [ 13.3317295, 52.5399876 ] } },
{ "type": "Feature", "properties": { "osm_id": "7923664396", "code": 5209, "fclass": "street_lamp" }, "geometry": { "type": "Point", "coordinates": [ 13.3321992, 52.5401938 ] } },
{ "type": "Feature", "properties": { "osm_id": "7923664397", "code": 5209, "fclass": "street_lamp" }, "geometry": { "type": "Point", "coordinates": [ 13.3326619, 52.5403962 ] } },
{ "type": "Feature", "properties": { "osm_id": "7923664398", "code": 5209, "fclass": "street_lamp" }, "geometry": { "type": "Point", "coordinates": [ 13.3329908, 52.5405595 ] } },
{ "type": "Feature", "properties": { "osm_id": "7923664399", "code": 5209, "fclass": "street_lamp" }, "geometry": { "type": "Point", "coordinates": [ 13.3271977, 52.5358602 ] } },
{ "type": "Feature", "properties": { "osm_id": "7923664400", "code": 5209, "fclass": "street_lamp" }, "geometry": { "type": "Point", "coordinates": [ 13.3278291, 52.5352614 ] } },
{ "type": "Feature", "properties": { "osm_id": "7923664401", "code": 5209, "fclass": "street_lamp" }, "geometry": { "type": "Point", "coordinates": [ 13.3281656, 52.5353594 ] } },
{ "type": "Feature", "properties": { "osm_id": "7923664402", "code": 5209, "fclass": "street_lamp" }, "geometry": { "type": "Point", "coordinates": [ 13.328305, 52.5351525 ] } },
{ "type": "Feature", "properties": { "osm_id": "7923664403", "code": 5209, "fclass": "street_lamp" }, "geometry": { "type": "Point", "coordinates": [ 13.328418, 52.534939 ] } },
{ "type": "Feature", "properties": { "osm_id": "7923664404", "code": 5209, "fclass": "street_lamp" }, "geometry": { "type": "Point", "coordinates": [ 13.3281645, 52.5344813 ] } },
{ "type": "Feature", "properties": { "osm_id": "7923664405", "code": 5209, "fclass": "street_lamp" }, "geometry": { "type": "Point", "coordinates": [ 13.3285314, 52.534332 ] } },
{ "type": "Feature", "properties": { "osm_id": "7923664406", "code": 5209, "fclass": "street_lamp" }, "geometry": { "type": "Point", "coordinates": [ 13.328172, 52.5341933 ] } },
{ "type": "Feature", "properties": { "osm_id": "7923664407", "code": 5209, "fclass": "street_lamp" }, "geometry": { "type": "Point", "coordinates": [ 13.3285417, 52.5340667 ] } },
{ "type": "Feature", "properties": { "osm_id": "7923664408", "code": 5209, "fclass": "street_lamp" }, "geometry": { "type": "Point", "coordinates": [ 13.3281852, 52.5339036 ] } },
{ "type": "Feature", "properties": { "osm_id": "7923664409", "code": 5209, "fclass": "street_lamp" }, "geometry": { "type": "Point", "coordinates": [ 13.3285525, 52.5338087 ] } },
{ "type": "Feature", "properties": { "osm_id": "7923664410", "code": 5209, "fclass": "street_lamp" }, "geometry": { "type": "Point", "coordinates": [ 13.3281985, 52.5336397 ] } },
{ "type": "Feature", "properties": { "osm_id": "7923664411", "code": 5209, "fclass": "street_lamp" }, "geometry": { "type": "Point", "coordinates": [ 13.328564, 52.5335631 ] } },
{ "type": "Feature", "properties": { "osm_id": "7923664412", "code": 5209, "fclass": "street_lamp" }, "geometry": { "type": "Point", "coordinates": [ 13.3285729, 52.5333229 ] } },
{ "type": "Feature", "properties": { "osm_id": "7923664413", "code": 5209, "fclass": "street_lamp" }, "geometry": { "type": "Point", "coordinates": [ 13.3282065, 52.5333672 ] } },
{ "type": "Feature", "properties": { "osm_id": "7923664414", "code": 5209, "fclass": "street_lamp" }, "geometry": { "type": "Point", "coordinates": [ 13.328424, 52.5330765 ] } },
{ "type": "Feature", "properties": { "osm_id": "7923664415", "code": 5209, "fclass": "street_lamp" }, "geometry": { "type": "Point", "coordinates": [ 13.3290319, 52.5347886 ] } },
{ "type": "Feature", "properties": { "osm_id": "7923664416", "code": 5209, "fclass": "street_lamp" }, "geometry": { "type": "Point", "coordinates": [ 13.3295847, 52.5348631 ] } },
{ "type": "Feature", "properties": { "osm_id": "7923664417", "code": 5209, "fclass": "street_lamp" }, "geometry": { "type": "Point", "coordinates": [ 13.3302297, 52.5349508 ] } },
{ "type": "Feature", "properties": { "osm_id": "7923664418", "code": 5209, "fclass": "street_lamp" }, "geometry": { "type": "Point", "coordinates": [ 13.3302046, 52.5345035 ] } },
{ "type": "Feature", "properties": { "osm_id": "7923664419", "code": 5209, "fclass": "street_lamp" }, "geometry": { "type": "Point", "coordinates": [ 13.330057, 52.5344864 ] } },
{ "type": "Feature", "properties": { "osm_id": "7923664420", "code": 5209, "fclass": "street_lamp" }, "geometry": { "type": "Point", "coordinates": [ 13.3299131, 52.5344689 ] } },
{ "type": "Feature", "properties": { "osm_id": "7923664421", "code": 5209, "fclass": "street_lamp" }, "geometry": { "type": "Point", "coordinates": [ 13.3297677, 52.5344514 ] } },
{ "type": "Feature", "properties": { "osm_id": "7923664422", "code": 5209, "fclass": "street_lamp" }, "geometry": { "type": "Point", "coordinates": [ 13.3296245, 52.5344334 ] } },
{ "type": "Feature", "properties": { "osm_id": "7923664423", "code": 5209, "fclass": "street_lamp" }, "geometry": { "type": "Point", "coordinates": [ 13.3294928, 52.5344181 ] } },
{ "type": "Feature", "properties": { "osm_id": "7923664424", "code": 5209, "fclass": "street_lamp" }, "geometry": { "type": "Point", "coordinates": [ 13.3293374, 52.5343971 ] } },
{ "type": "Feature", "properties": { "osm_id": "7923664425", "code": 5209, "fclass": "street_lamp" }, "geometry": { "type": "Point", "coordinates": [ 13.3412952, 52.5349683 ] } },
{ "type": "Feature", "properties": { "osm_id": "7923664426", "code": 5209, "fclass": "street_lamp" }, "geometry": { "type": "Point", "coordinates": [ 13.3417034, 52.535047 ] } },
{ "type": "Feature", "properties": { "osm_id": "7923664427", "code": 5209, "fclass": "street_lamp" }, "geometry": { "type": "Point", "coordinates": [ 13.3420823, 52.5349557 ] } },
{ "type": "Feature", "properties": { "osm_id": "7923664428", "code": 5209, "fclass": "street_lamp" }, "geometry": { "type": "Point", "coordinates": [ 13.3424456, 52.5349887 ] } },
{ "type": "Feature", "properties": { "osm_id": "7923777985", "code": 5209, "fclass": "street_lamp" }, "geometry": { "type": "Point", "coordinates": [ 13.3491679, 52.5381409 ] } },
{ "type": "Feature", "properties": { "osm_id": "7923777986", "code": 5209, "fclass": "street_lamp" }, "geometry": { "type": "Point", "coordinates": [ 13.3482794, 52.538056 ] } },
{ "type": "Feature", "properties": { "osm_id": "7923777987", "code": 5209, "fclass": "street_lamp" }, "geometry": { "type": "Point", "coordinates": [ 13.3478066, 52.5380379 ] } },
{ "type": "Feature", "properties": { "osm_id": "7923777988", "code": 5209, "fclass": "street_lamp" }, "geometry": { "type": "Point", "coordinates": [ 13.3473612, 52.5380402 ] } },
{ "type": "Feature", "properties": { "osm_id": "7923777989", "code": 5209, "fclass": "street_lamp" }, "geometry": { "type": "Point", "coordinates": [ 13.3468989, 52.5380587 ] } },
{ "type": "Feature", "properties": { "osm_id": "7923777990", "code": 5209, "fclass": "street_lamp" }, "geometry": { "type": "Point", "coordinates": [ 13.3506776, 52.5326734 ] } },
{ "type": "Feature", "properties": { "osm_id": "7923777991", "code": 5209, "fclass": "street_lamp" }, "geometry": { "type": "Point", "coordinates": [ 13.3506488, 52.5323527 ] } },
{ "type": "Feature", "properties": { "osm_id": "7923777992", "code": 5209, "fclass": "street_lamp" }, "geometry": { "type": "Point", "coordinates": [ 13.3501584, 52.5324019 ] } },
{ "type": "Feature", "properties": { "osm_id": "7923777993", "code": 5209, "fclass": "street_lamp" }, "geometry": { "type": "Point", "coordinates": [ 13.3497546, 52.5322029 ] } },
{ "type": "Feature", "properties": { "osm_id": "7944813295", "code": 5209, "fclass": "street_lamp" }, "geometry": { "type": "Point", "coordinates": [ 13.3550467, 52.5179296 ] } },
{ "type": "Feature", "properties": { "osm_id": "7944813296", "code": 5209, "fclass": "street_lamp" }, "geometry": { "type": "Point", "coordinates": [ 13.3548318, 52.5180389 ] } },
{ "type": "Feature", "properties": { "osm_id": "7961064290", "code": 5209, "fclass": "street_lamp" }, "geometry": { "type": "Point", "coordinates": [ 13.3298174, 52.5227221 ] } },
{ "type": "Feature", "properties": { "osm_id": "7961064291", "code": 5209, "fclass": "street_lamp" }, "geometry": { "type": "Point", "coordinates": [ 13.3302249, 52.5225663 ] } },
{ "type": "Feature", "properties": { "osm_id": "7961064298", "code": 5209, "fclass": "street_lamp" }, "geometry": { "type": "Point", "coordinates": [ 13.3297503, 52.5236243 ] } },
{ "type": "Feature", "properties": { "osm_id": "7961064299", "code": 5209, "fclass": "street_lamp" }, "geometry": { "type": "Point", "coordinates": [ 13.3300195, 52.5237982 ] } },
{ "type": "Feature", "properties": { "osm_id": "7961064300", "code": 5209, "fclass": "street_lamp" }, "geometry": { "type": "Point", "coordinates": [ 13.3293747, 52.5239268 ] } },
{ "type": "Feature", "properties": { "osm_id": "7961064301", "code": 5209, "fclass": "street_lamp" }, "geometry": { "type": "Point", "coordinates": [ 13.3291441, 52.5239872 ] } },
{ "type": "Feature", "properties": { "osm_id": "7961064302", "code": 5209, "fclass": "street_lamp" }, "geometry": { "type": "Point", "coordinates": [ 13.3303946, 52.5239561 ] } },
{ "type": "Feature", "properties": { "osm_id": "7961064303", "code": 5209, "fclass": "street_lamp" }, "geometry": { "type": "Point", "coordinates": [ 13.3308462, 52.5240374 ] } },
{ "type": "Feature", "properties": { "osm_id": "7961064304", "code": 5209, "fclass": "street_lamp" }, "geometry": { "type": "Point", "coordinates": [ 13.3312897, 52.5241204 ] } },
{ "type": "Feature", "properties": { "osm_id": "7961064305", "code": 5209, "fclass": "street_lamp" }, "geometry": { "type": "Point", "coordinates": [ 13.3321085, 52.5242561 ] } },
{ "type": "Feature", "properties": { "osm_id": "7961064306", "code": 5209, "fclass": "street_lamp" }, "geometry": { "type": "Point", "coordinates": [ 13.3321479, 52.5240788 ] } },
{ "type": "Feature", "properties": { "osm_id": "7961064307", "code": 5209, "fclass": "street_lamp" }, "geometry": { "type": "Point", "coordinates": [ 13.3326219, 52.5241643 ] } },
{ "type": "Feature", "properties": { "osm_id": "7961064308", "code": 5209, "fclass": "street_lamp" }, "geometry": { "type": "Point", "coordinates": [ 13.3326149, 52.5243506 ] } },
{ "type": "Feature", "properties": { "osm_id": "7961064309", "code": 5209, "fclass": "street_lamp" }, "geometry": { "type": "Point", "coordinates": [ 13.3330794, 52.5244315 ] } },
{ "type": "Feature", "properties": { "osm_id": "7961064310", "code": 5209, "fclass": "street_lamp" }, "geometry": { "type": "Point", "coordinates": [ 13.3335734, 52.5245232 ] } },
{ "type": "Feature", "properties": { "osm_id": "7961064311", "code": 5209, "fclass": "street_lamp" }, "geometry": { "type": "Point", "coordinates": [ 13.3340236, 52.5244083 ] } },
{ "type": "Feature", "properties": { "osm_id": "7961064312", "code": 5209, "fclass": "street_lamp" }, "geometry": { "type": "Point", "coordinates": [ 13.3330898, 52.5242502 ] } },
{ "type": "Feature", "properties": { "osm_id": "7961064313", "code": 5209, "fclass": "street_lamp" }, "geometry": { "type": "Point", "coordinates": [ 13.3360065, 52.5248053 ] } },
{ "type": "Feature", "properties": { "osm_id": "7961064314", "code": 5209, "fclass": "street_lamp" }, "geometry": { "type": "Point", "coordinates": [ 13.3364373, 52.5249157 ] } },
{ "type": "Feature", "properties": { "osm_id": "7961064315", "code": 5209, "fclass": "street_lamp" }, "geometry": { "type": "Point", "coordinates": [ 13.3353019, 52.5248951 ] } },
{ "type": "Feature", "properties": { "osm_id": "7961070661", "code": 5209, "fclass": "street_lamp" }, "geometry": { "type": "Point", "coordinates": [ 13.3394139, 52.5257621 ] } },
{ "type": "Feature", "properties": { "osm_id": "7961070662", "code": 5209, "fclass": "street_lamp" }, "geometry": { "type": "Point", "coordinates": [ 13.3398583, 52.5256537 ] } },
{ "type": "Feature", "properties": { "osm_id": "7961070663", "code": 5209, "fclass": "street_lamp" }, "geometry": { "type": "Point", "coordinates": [ 13.3402098, 52.5256121 ] } },
{ "type": "Feature", "properties": { "osm_id": "7961070664", "code": 5209, "fclass": "street_lamp" }, "geometry": { "type": "Point", "coordinates": [ 13.3405708, 52.5255659 ] } },
{ "type": "Feature", "properties": { "osm_id": "7961070665", "code": 5209, "fclass": "street_lamp" }, "geometry": { "type": "Point", "coordinates": [ 13.3404525, 52.5257337 ] } },
{ "type": "Feature", "properties": { "osm_id": "7961070666", "code": 5209, "fclass": "street_lamp" }, "geometry": { "type": "Point", "coordinates": [ 13.3401523, 52.5257698 ] } },
{ "type": "Feature", "properties": { "osm_id": "7961070667", "code": 5209, "fclass": "street_lamp" }, "geometry": { "type": "Point", "coordinates": [ 13.3389676, 52.5263169 ] } },
{ "type": "Feature", "properties": { "osm_id": "7961070668", "code": 5209, "fclass": "street_lamp" }, "geometry": { "type": "Point", "coordinates": [ 13.3389854, 52.5265465 ] } },
{ "type": "Feature", "properties": { "osm_id": "7961070669", "code": 5209, "fclass": "street_lamp" }, "geometry": { "type": "Point", "coordinates": [ 13.3393194, 52.5265258 ] } },
{ "type": "Feature", "properties": { "osm_id": "7961070670", "code": 5209, "fclass": "street_lamp" }, "geometry": { "type": "Point", "coordinates": [ 13.3384736, 52.5263606 ] } },
{ "type": "Feature", "properties": { "osm_id": "7961070671", "code": 5209, "fclass": "street_lamp" }, "geometry": { "type": "Point", "coordinates": [ 13.3381901, 52.5265946 ] } },
{ "type": "Feature", "properties": { "osm_id": "7961070672", "code": 5209, "fclass": "street_lamp" }, "geometry": { "type": "Point", "coordinates": [ 13.338576, 52.5265669 ] } },
{ "type": "Feature", "properties": { "osm_id": "7961070674", "code": 5209, "fclass": "street_lamp" }, "geometry": { "type": "Point", "coordinates": [ 13.3379923, 52.5264103 ] } },
{ "type": "Feature", "properties": { "osm_id": "7961070675", "code": 5209, "fclass": "street_lamp" }, "geometry": { "type": "Point", "coordinates": [ 13.3375321, 52.5264519 ] } },
{ "type": "Feature", "properties": { "osm_id": "7961070676", "code": 5209, "fclass": "street_lamp" }, "geometry": { "type": "Point", "coordinates": [ 13.3374585, 52.5266544 ] } },
{ "type": "Feature", "properties": { "osm_id": "7961070677", "code": 5209, "fclass": "street_lamp" }, "geometry": { "type": "Point", "coordinates": [ 13.3369736, 52.5266941 ] } },
{ "type": "Feature", "properties": { "osm_id": "7961070678", "code": 5209, "fclass": "street_lamp" }, "geometry": { "type": "Point", "coordinates": [ 13.3370518, 52.5264989 ] } },
{ "type": "Feature", "properties": { "osm_id": "7961070679", "code": 5209, "fclass": "street_lamp" }, "geometry": { "type": "Point", "coordinates": [ 13.3365891, 52.5265368 ] } },
{ "type": "Feature", "properties": { "osm_id": "7961070680", "code": 5209, "fclass": "street_lamp" }, "geometry": { "type": "Point", "coordinates": [ 13.3365021, 52.5267439 ] } },
{ "type": "Feature", "properties": { "osm_id": "7961070681", "code": 5209, "fclass": "street_lamp" }, "geometry": { "type": "Point", "coordinates": [ 13.3361093, 52.5265849 ] } },
{ "type": "Feature", "properties": { "osm_id": "7961070682", "code": 5209, "fclass": "street_lamp" }, "geometry": { "type": "Point", "coordinates": [ 13.3360249, 52.5267866 ] } },
{ "type": "Feature", "properties": { "osm_id": "7961070683", "code": 5209, "fclass": "street_lamp" }, "geometry": { "type": "Point", "coordinates": [ 13.3357026, 52.5268185 ] } },
{ "type": "Feature", "properties": { "osm_id": "7961070684", "code": 5209, "fclass": "street_lamp" }, "geometry": { "type": "Point", "coordinates": [ 13.335266, 52.5268617 ] } },
{ "type": "Feature", "properties": { "osm_id": "7961089785", "code": 5209, "fclass": "street_lamp" }, "geometry": { "type": "Point", "coordinates": [ 13.3352334, 52.5266648 ] } },
{ "type": "Feature", "properties": { "osm_id": "7961089786", "code": 5209, "fclass": "street_lamp" }, "geometry": { "type": "Point", "coordinates": [ 13.3356458, 52.5266274 ] } },
{ "type": "Feature", "properties": { "osm_id": "7961089787", "code": 5209, "fclass": "street_lamp" }, "geometry": { "type": "Point", "coordinates": [ 13.3397563, 52.5265062 ] } },
{ "type": "Feature", "properties": { "osm_id": "7961089788", "code": 5209, "fclass": "street_lamp" }, "geometry": { "type": "Point", "coordinates": [ 13.3401974, 52.5264917 ] } },
{ "type": "Feature", "properties": { "osm_id": "7961089789", "code": 5209, "fclass": "street_lamp" }, "geometry": { "type": "Point", "coordinates": [ 13.3402808, 52.5262691 ] } },
{ "type": "Feature", "properties": { "osm_id": "7961089790", "code": 5209, "fclass": "street_lamp" }, "geometry": { "type": "Point", "coordinates": [ 13.3393111, 52.5263029 ] } },
{ "type": "Feature", "properties": { "osm_id": "7961089791", "code": 5209, "fclass": "street_lamp" }, "geometry": { "type": "Point", "coordinates": [ 13.3392382, 52.5262702 ] } },
{ "type": "Feature", "properties": { "osm_id": "7961089792", "code": 5209, "fclass": "street_lamp" }, "geometry": { "type": "Point", "coordinates": [ 13.3398107, 52.5262801 ] } },
{ "type": "Feature", "properties": { "osm_id": "7961089793", "code": 5209, "fclass": "street_lamp" }, "geometry": { "type": "Point", "coordinates": [ 13.3405948, 52.5264773 ] } },
{ "type": "Feature", "properties": { "osm_id": "7961089794", "code": 5209, "fclass": "street_lamp" }, "geometry": { "type": "Point", "coordinates": [ 13.3410168, 52.5264676 ] } },
{ "type": "Feature", "properties": { "osm_id": "7961089795", "code": 5209, "fclass": "street_lamp" }, "geometry": { "type": "Point", "coordinates": [ 13.3414706, 52.5264422 ] } },
{ "type": "Feature", "properties": { "osm_id": "7961089796", "code": 5209, "fclass": "street_lamp" }, "geometry": { "type": "Point", "coordinates": [ 13.3412414, 52.5262181 ] } },
{ "type": "Feature", "properties": { "osm_id": "7961089797", "code": 5209, "fclass": "street_lamp" }, "geometry": { "type": "Point", "coordinates": [ 13.3414547, 52.5262315 ] } },
{ "type": "Feature", "properties": { "osm_id": "7961089798", "code": 5209, "fclass": "street_lamp" }, "geometry": { "type": "Point", "coordinates": [ 13.3417066, 52.5262248 ] } },
{ "type": "Feature", "properties": { "osm_id": "7961089799", "code": 5209, "fclass": "street_lamp" }, "geometry": { "type": "Point", "coordinates": [ 13.3418795, 52.526442 ] } },
{ "type": "Feature", "properties": { "osm_id": "7961089800", "code": 5209, "fclass": "street_lamp" }, "geometry": { "type": "Point", "coordinates": [ 13.3422032, 52.5262102 ] } },
{ "type": "Feature", "properties": { "osm_id": "7961089801", "code": 5209, "fclass": "street_lamp" }, "geometry": { "type": "Point", "coordinates": [ 13.3422984, 52.5264316 ] } },
{ "type": "Feature", "properties": { "osm_id": "7961089802", "code": 5209, "fclass": "street_lamp" }, "geometry": { "type": "Point", "coordinates": [ 13.3428483, 52.5263185 ] } },
{ "type": "Feature", "properties": { "osm_id": "7961089803", "code": 5209, "fclass": "street_lamp" }, "geometry": { "type": "Point", "coordinates": [ 13.3441247, 52.5263813 ] } },
{ "type": "Feature", "properties": { "osm_id": "7961089804", "code": 5209, "fclass": "street_lamp" }, "geometry": { "type": "Point", "coordinates": [ 13.343996, 52.526158 ] } },
{ "type": "Feature", "properties": { "osm_id": "7961089805", "code": 5209, "fclass": "street_lamp" }, "geometry": { "type": "Point", "coordinates": [ 13.3444454, 52.5261429 ] } },
{ "type": "Feature", "properties": { "osm_id": "7961089806", "code": 5209, "fclass": "street_lamp" }, "geometry": { "type": "Point", "coordinates": [ 13.3445894, 52.5263674 ] } },
{ "type": "Feature", "properties": { "osm_id": "7961089807", "code": 5209, "fclass": "street_lamp" }, "geometry": { "type": "Point", "coordinates": [ 13.3449, 52.5261427 ] } },
{ "type": "Feature", "properties": { "osm_id": "7961089808", "code": 5209, "fclass": "street_lamp" }, "geometry": { "type": "Point", "coordinates": [ 13.3450543, 52.5263609 ] } },
{ "type": "Feature", "properties": { "osm_id": "7961089809", "code": 5209, "fclass": "street_lamp" }, "geometry": { "type": "Point", "coordinates": [ 13.345346, 52.5261386 ] } },
{ "type": "Feature", "properties": { "osm_id": "7961089810", "code": 5209, "fclass": "street_lamp" }, "geometry": { "type": "Point", "coordinates": [ 13.3457993, 52.5261386 ] } },
{ "type": "Feature", "properties": { "osm_id": "7961089811", "code": 5209, "fclass": "street_lamp" }, "geometry": { "type": "Point", "coordinates": [ 13.3459868, 52.5263486 ] } },
{ "type": "Feature", "properties": { "osm_id": "7982305815", "code": 5209, "fclass": "street_lamp" }, "geometry": { "type": "Point", "coordinates": [ 13.3606426, 52.5373379 ] } },
{ "type": "Feature", "properties": { "osm_id": "7982305816", "code": 5209, "fclass": "street_lamp" }, "geometry": { "type": "Point", "coordinates": [ 13.3609386, 52.5374513 ] } },
{ "type": "Feature", "properties": { "osm_id": "7982305827", "code": 5209, "fclass": "street_lamp" }, "geometry": { "type": "Point", "coordinates": [ 13.3582387, 52.5375485 ] } },
{ "type": "Feature", "properties": { "osm_id": "7982305832", "code": 5209, "fclass": "street_lamp" }, "geometry": { "type": "Point", "coordinates": [ 13.3532913, 52.5365011 ] } },
{ "type": "Feature", "properties": { "osm_id": "7982305833", "code": 5209, "fclass": "street_lamp" }, "geometry": { "type": "Point", "coordinates": [ 13.3536462, 52.536529 ] } },
{ "type": "Feature", "properties": { "osm_id": "7982305834", "code": 5209, "fclass": "street_lamp" }, "geometry": { "type": "Point", "coordinates": [ 13.3540031, 52.5365467 ] } },
{ "type": "Feature", "properties": { "osm_id": "7982305835", "code": 5209, "fclass": "street_lamp" }, "geometry": { "type": "Point", "coordinates": [ 13.3543611, 52.5365524 ] } },
{ "type": "Feature", "properties": { "osm_id": "7982305836", "code": 5209, "fclass": "street_lamp" }, "geometry": { "type": "Point", "coordinates": [ 13.3547201, 52.5365473 ] } },
{ "type": "Feature", "properties": { "osm_id": "7982305837", "code": 5209, "fclass": "street_lamp" }, "geometry": { "type": "Point", "coordinates": [ 13.352848, 52.5361556 ] } },
{ "type": "Feature", "properties": { "osm_id": "7982305838", "code": 5209, "fclass": "street_lamp" }, "geometry": { "type": "Point", "coordinates": [ 13.3530098, 52.5359191 ] } },
{ "type": "Feature", "properties": { "osm_id": "7982305839", "code": 5209, "fclass": "street_lamp" }, "geometry": { "type": "Point", "coordinates": [ 13.3531353, 52.5357192 ] } },
{ "type": "Feature", "properties": { "osm_id": "7982305840", "code": 5209, "fclass": "street_lamp" }, "geometry": { "type": "Point", "coordinates": [ 13.3555311, 52.5351015 ] } },
{ "type": "Feature", "properties": { "osm_id": "7982305841", "code": 5209, "fclass": "street_lamp" }, "geometry": { "type": "Point", "coordinates": [ 13.3554563, 52.5348547 ] } },
{ "type": "Feature", "properties": { "osm_id": "7982305842", "code": 5209, "fclass": "street_lamp" }, "geometry": { "type": "Point", "coordinates": [ 13.3550352, 52.5348505 ] } },
{ "type": "Feature", "properties": { "osm_id": "7982305843", "code": 5209, "fclass": "street_lamp" }, "geometry": { "type": "Point", "coordinates": [ 13.354972, 52.5346124 ] } },
{ "type": "Feature", "properties": { "osm_id": "7982305844", "code": 5209, "fclass": "street_lamp" }, "geometry": { "type": "Point", "coordinates": [ 13.3544918, 52.5343695 ] } },
{ "type": "Feature", "properties": { "osm_id": "7982305845", "code": 5209, "fclass": "street_lamp" }, "geometry": { "type": "Point", "coordinates": [ 13.3540818, 52.5343716 ] } },
{ "type": "Feature", "properties": { "osm_id": "7982305846", "code": 5209, "fclass": "street_lamp" }, "geometry": { "type": "Point", "coordinates": [ 13.3540099, 52.5341254 ] } },
{ "type": "Feature", "properties": { "osm_id": "7982305847", "code": 5209, "fclass": "street_lamp" }, "geometry": { "type": "Point", "coordinates": [ 13.3536145, 52.5341405 ] } },
{ "type": "Feature", "properties": { "osm_id": "7982305848", "code": 5209, "fclass": "street_lamp" }, "geometry": { "type": "Point", "coordinates": [ 13.3536325, 52.533939 ] } },
{ "type": "Feature", "properties": { "osm_id": "7982305849", "code": 5209, "fclass": "street_lamp" }, "geometry": { "type": "Point", "coordinates": [ 13.3531524, 52.5339025 ] } },
{ "type": "Feature", "properties": { "osm_id": "7982305850", "code": 5209, "fclass": "street_lamp" }, "geometry": { "type": "Point", "coordinates": [ 13.3531532, 52.5337011 ] } },
{ "type": "Feature", "properties": { "osm_id": "7982305851", "code": 5209, "fclass": "street_lamp" }, "geometry": { "type": "Point", "coordinates": [ 13.3514328, 52.5330523 ] } },
{ "type": "Feature", "properties": { "osm_id": "7982305852", "code": 5209, "fclass": "street_lamp" }, "geometry": { "type": "Point", "coordinates": [ 13.3510701, 52.5328712 ] } },
{ "type": "Feature", "properties": { "osm_id": "7982305853", "code": 5209, "fclass": "street_lamp" }, "geometry": { "type": "Point", "coordinates": [ 13.3506653, 52.5320757 ] } },
{ "type": "Feature", "properties": { "osm_id": "7982305854", "code": 5209, "fclass": "street_lamp" }, "geometry": { "type": "Point", "coordinates": [ 13.3510016, 52.5321611 ] } },
{ "type": "Feature", "properties": { "osm_id": "7982305855", "code": 5209, "fclass": "street_lamp" }, "geometry": { "type": "Point", "coordinates": [ 13.3511488, 52.531969 ] } },
{ "type": "Feature", "properties": { "osm_id": "7982305856", "code": 5209, "fclass": "street_lamp" }, "geometry": { "type": "Point", "coordinates": [ 13.3518802, 52.5310623 ] } },
{ "type": "Feature", "properties": { "osm_id": "7982305857", "code": 5209, "fclass": "street_lamp" }, "geometry": { "type": "Point", "coordinates": [ 13.3492684, 52.5319586 ] } },
{ "type": "Feature", "properties": { "osm_id": "7982305858", "code": 5209, "fclass": "street_lamp" }, "geometry": { "type": "Point", "coordinates": [ 13.348859, 52.5317386 ] } },
{ "type": "Feature", "properties": { "osm_id": "7982305859", "code": 5209, "fclass": "street_lamp" }, "geometry": { "type": "Point", "coordinates": [ 13.3484544, 52.5315312 ] } },
{ "type": "Feature", "properties": { "osm_id": "7982305860", "code": 5209, "fclass": "street_lamp" }, "geometry": { "type": "Point", "coordinates": [ 13.348816, 52.5315097 ] } },
{ "type": "Feature", "properties": { "osm_id": "7982305861", "code": 5209, "fclass": "street_lamp" }, "geometry": { "type": "Point", "coordinates": [ 13.3494934, 52.5316324 ] } },
{ "type": "Feature", "properties": { "osm_id": "7982305862", "code": 5209, "fclass": "street_lamp" }, "geometry": { "type": "Point", "coordinates": [ 13.349941, 52.5313047 ] } },
{ "type": "Feature", "properties": { "osm_id": "7982305863", "code": 5209, "fclass": "street_lamp" }, "geometry": { "type": "Point", "coordinates": [ 13.3503858, 52.530979 ] } },
{ "type": "Feature", "properties": { "osm_id": "7982305864", "code": 5209, "fclass": "street_lamp" }, "geometry": { "type": "Point", "coordinates": [ 13.3475329, 52.5308611 ] } },
{ "type": "Feature", "properties": { "osm_id": "7982305865", "code": 5209, "fclass": "street_lamp" }, "geometry": { "type": "Point", "coordinates": [ 13.3467872, 52.530699 ] } },
{ "type": "Feature", "properties": { "osm_id": "7982305866", "code": 5209, "fclass": "street_lamp" }, "geometry": { "type": "Point", "coordinates": [ 13.346691, 52.5304442 ] } },
{ "type": "Feature", "properties": { "osm_id": "7982424367", "code": 5209, "fclass": "street_lamp" }, "geometry": { "type": "Point", "coordinates": [ 13.3424255, 52.5253388 ] } },
{ "type": "Feature", "properties": { "osm_id": "7982424368", "code": 5209, "fclass": "street_lamp" }, "geometry": { "type": "Point", "coordinates": [ 13.342505, 52.5255639 ] } },
{ "type": "Feature", "properties": { "osm_id": "7982424369", "code": 5209, "fclass": "street_lamp" }, "geometry": { "type": "Point", "coordinates": [ 13.3420534, 52.5253863 ] } },
{ "type": "Feature", "properties": { "osm_id": "7982424370", "code": 5209, "fclass": "street_lamp" }, "geometry": { "type": "Point", "coordinates": [ 13.3417448, 52.5256123 ] } },
{ "type": "Feature", "properties": { "osm_id": "7982424371", "code": 5209, "fclass": "street_lamp" }, "geometry": { "type": "Point", "coordinates": [ 13.3416219, 52.5254395 ] } },
{ "type": "Feature", "properties": { "osm_id": "7982424372", "code": 5209, "fclass": "street_lamp" }, "geometry": { "type": "Point", "coordinates": [ 13.3413704, 52.5256237 ] } },
{ "type": "Feature", "properties": { "osm_id": "7982424373", "code": 5209, "fclass": "street_lamp" }, "geometry": { "type": "Point", "coordinates": [ 13.343292, 52.5254672 ] } },
{ "type": "Feature", "properties": { "osm_id": "7982424374", "code": 5209, "fclass": "street_lamp" }, "geometry": { "type": "Point", "coordinates": [ 13.3435666, 52.5251968 ] } },
{ "type": "Feature", "properties": { "osm_id": "7982424375", "code": 5209, "fclass": "street_lamp" }, "geometry": { "type": "Point", "coordinates": [ 13.3436745, 52.5254037 ] } },
{ "type": "Feature", "properties": { "osm_id": "7982424376", "code": 5209, "fclass": "street_lamp" }, "geometry": { "type": "Point", "coordinates": [ 13.344006, 52.5251414 ] } },
{ "type": "Feature", "properties": { "osm_id": "7982424377", "code": 5209, "fclass": "street_lamp" }, "geometry": { "type": "Point", "coordinates": [ 13.3440328, 52.5253063 ] } },
{ "type": "Feature", "properties": { "osm_id": "7982424378", "code": 5209, "fclass": "street_lamp" }, "geometry": { "type": "Point", "coordinates": [ 13.3444295, 52.5250926 ] } },
{ "type": "Feature", "properties": { "osm_id": "7982424379", "code": 5209, "fclass": "street_lamp" }, "geometry": { "type": "Point", "coordinates": [ 13.3447229, 52.5252087 ] } },
{ "type": "Feature", "properties": { "osm_id": "7982424380", "code": 5209, "fclass": "street_lamp" }, "geometry": { "type": "Point", "coordinates": [ 13.3450531, 52.5250251 ] } },
{ "type": "Feature", "properties": { "osm_id": "7982424381", "code": 5209, "fclass": "street_lamp" }, "geometry": { "type": "Point", "coordinates": [ 13.3454443, 52.5251223 ] } },
{ "type": "Feature", "properties": { "osm_id": "7982424382", "code": 5209, "fclass": "street_lamp" }, "geometry": { "type": "Point", "coordinates": [ 13.3457402, 52.5249436 ] } },
{ "type": "Feature", "properties": { "osm_id": "7982424383", "code": 5209, "fclass": "street_lamp" }, "geometry": { "type": "Point", "coordinates": [ 13.3461179, 52.5250376 ] } },
{ "type": "Feature", "properties": { "osm_id": "7982424384", "code": 5209, "fclass": "street_lamp" }, "geometry": { "type": "Point", "coordinates": [ 13.3464121, 52.5248608 ] } },
{ "type": "Feature", "properties": { "osm_id": "7982436785", "code": 5209, "fclass": "street_lamp" }, "geometry": { "type": "Point", "coordinates": [ 13.3468758, 52.5249421 ] } },
{ "type": "Feature", "properties": { "osm_id": "7982436786", "code": 5209, "fclass": "street_lamp" }, "geometry": { "type": "Point", "coordinates": [ 13.3471297, 52.5247714 ] } },
{ "type": "Feature", "properties": { "osm_id": "7982436787", "code": 5209, "fclass": "street_lamp" }, "geometry": { "type": "Point", "coordinates": [ 13.3475617, 52.5248604 ] } },
{ "type": "Feature", "properties": { "osm_id": "7982436788", "code": 5209, "fclass": "street_lamp" }, "geometry": { "type": "Point", "coordinates": [ 13.3478474, 52.5246797 ] } },
{ "type": "Feature", "properties": { "osm_id": "7982436789", "code": 5209, "fclass": "street_lamp" }, "geometry": { "type": "Point", "coordinates": [ 13.3482871, 52.5247716 ] } },
{ "type": "Feature", "properties": { "osm_id": "7982436790", "code": 5209, "fclass": "street_lamp" }, "geometry": { "type": "Point", "coordinates": [ 13.3486309, 52.5245869 ] } },
{ "type": "Feature", "properties": { "osm_id": "7982436791", "code": 5209, "fclass": "street_lamp" }, "geometry": { "type": "Point", "coordinates": [ 13.3490108, 52.5246778 ] } },
{ "type": "Feature", "properties": { "osm_id": "7982436792", "code": 5209, "fclass": "street_lamp" }, "geometry": { "type": "Point", "coordinates": [ 13.3492905, 52.5245026 ] } },
{ "type": "Feature", "properties": { "osm_id": "7982436793", "code": 5209, "fclass": "street_lamp" }, "geometry": { "type": "Point", "coordinates": [ 13.349829, 52.5244775 ] } },
{ "type": "Feature", "properties": { "osm_id": "7982436794", "code": 5209, "fclass": "street_lamp" }, "geometry": { "type": "Point", "coordinates": [ 13.3503694, 52.5245116 ] } },
{ "type": "Feature", "properties": { "osm_id": "7982436795", "code": 5209, "fclass": "street_lamp" }, "geometry": { "type": "Point", "coordinates": [ 13.3508023, 52.5244594 ] } },
{ "type": "Feature", "properties": { "osm_id": "7982436796", "code": 5209, "fclass": "street_lamp" }, "geometry": { "type": "Point", "coordinates": [ 13.3507968, 52.5242439 ] } },
{ "type": "Feature", "properties": { "osm_id": "7982436797", "code": 5209, "fclass": "street_lamp" }, "geometry": { "type": "Point", "coordinates": [ 13.3511188, 52.5243295 ] } },
{ "type": "Feature", "properties": { "osm_id": "7982436798", "code": 5209, "fclass": "street_lamp" }, "geometry": { "type": "Point", "coordinates": [ 13.3515341, 52.524276 ] } },
{ "type": "Feature", "properties": { "osm_id": "7982436799", "code": 5209, "fclass": "street_lamp" }, "geometry": { "type": "Point", "coordinates": [ 13.351966, 52.5242213 ] } },
{ "type": "Feature", "properties": { "osm_id": "7982436800", "code": 5209, "fclass": "street_lamp" }, "geometry": { "type": "Point", "coordinates": [ 13.3523697, 52.5241708 ] } },
{ "type": "Feature", "properties": { "osm_id": "7982436805", "code": 5209, "fclass": "street_lamp" }, "geometry": { "type": "Point", "coordinates": [ 13.3527909, 52.524115 ] } },
{ "type": "Feature", "properties": { "osm_id": "7982436806", "code": 5209, "fclass": "street_lamp" }, "geometry": { "type": "Point", "coordinates": [ 13.3532121, 52.5240631 ] } },
{ "type": "Feature", "properties": { "osm_id": "7982436807", "code": 5209, "fclass": "street_lamp" }, "geometry": { "type": "Point", "coordinates": [ 13.3536315, 52.5240095 ] } },
{ "type": "Feature", "properties": { "osm_id": "7982436808", "code": 5209, "fclass": "street_lamp" }, "geometry": { "type": "Point", "coordinates": [ 13.3540549, 52.5239594 ] } },
{ "type": "Feature", "properties": { "osm_id": "7982436809", "code": 5209, "fclass": "street_lamp" }, "geometry": { "type": "Point", "coordinates": [ 13.3541367, 52.5239481 ] } },
{ "type": "Feature", "properties": { "osm_id": "7982436810", "code": 5209, "fclass": "street_lamp" }, "geometry": { "type": "Point", "coordinates": [ 13.3544362, 52.5239113 ] } },
{ "type": "Feature", "properties": { "osm_id": "7982436811", "code": 5209, "fclass": "street_lamp" }, "geometry": { "type": "Point", "coordinates": [ 13.3548623, 52.5238574 ] } },
{ "type": "Feature", "properties": { "osm_id": "7982436812", "code": 5209, "fclass": "street_lamp" }, "geometry": { "type": "Point", "coordinates": [ 13.3552823, 52.5238089 ] } },
{ "type": "Feature", "properties": { "osm_id": "7982436813", "code": 5209, "fclass": "street_lamp" }, "geometry": { "type": "Point", "coordinates": [ 13.355708, 52.5237694 ] } },
{ "type": "Feature", "properties": { "osm_id": "7982436814", "code": 5209, "fclass": "street_lamp" }, "geometry": { "type": "Point", "coordinates": [ 13.3561358, 52.5237329 ] } },
{ "type": "Feature", "properties": { "osm_id": "7982436815", "code": 5209, "fclass": "street_lamp" }, "geometry": { "type": "Point", "coordinates": [ 13.3566438, 52.5236578 ] } },
{ "type": "Feature", "properties": { "osm_id": "7982436816", "code": 5209, "fclass": "street_lamp" }, "geometry": { "type": "Point", "coordinates": [ 13.3569461, 52.5238226 ] } },
{ "type": "Feature", "properties": { "osm_id": "7982436817", "code": 5209, "fclass": "street_lamp" }, "geometry": { "type": "Point", "coordinates": [ 13.3573032, 52.5240035 ] } },
{ "type": "Feature", "properties": { "osm_id": "7982436818", "code": 5209, "fclass": "street_lamp" }, "geometry": { "type": "Point", "coordinates": [ 13.3569141, 52.5241951 ] } },
{ "type": "Feature", "properties": { "osm_id": "7982436819", "code": 5209, "fclass": "street_lamp" }, "geometry": { "type": "Point", "coordinates": [ 13.3572724, 52.5236397 ] } },
{ "type": "Feature", "properties": { "osm_id": "7982436820", "code": 5209, "fclass": "street_lamp" }, "geometry": { "type": "Point", "coordinates": [ 13.3568794, 52.5234418 ] } },
{ "type": "Feature", "properties": { "osm_id": "7982436821", "code": 5209, "fclass": "street_lamp" }, "geometry": { "type": "Point", "coordinates": [ 13.3590161, 52.5236071 ] } },
{ "type": "Feature", "properties": { "osm_id": "7982436822", "code": 5209, "fclass": "street_lamp" }, "geometry": { "type": "Point", "coordinates": [ 13.359893, 52.5236156 ] } },
{ "type": "Feature", "properties": { "osm_id": "7982436823", "code": 5209, "fclass": "street_lamp" }, "geometry": { "type": "Point", "coordinates": [ 13.3609307, 52.5230426 ] } },
{ "type": "Feature", "properties": { "osm_id": "7982436824", "code": 5209, "fclass": "street_lamp" }, "geometry": { "type": "Point", "coordinates": [ 13.3614176, 52.5229826 ] } },
{ "type": "Feature", "properties": { "osm_id": "7982436825", "code": 5209, "fclass": "street_lamp" }, "geometry": { "type": "Point", "coordinates": [ 13.362688, 52.5228254 ] } },
{ "type": "Feature", "properties": { "osm_id": "7982436826", "code": 5209, "fclass": "street_lamp" }, "geometry": { "type": "Point", "coordinates": [ 13.3630303, 52.5231103 ] } },
{ "type": "Feature", "properties": { "osm_id": "7982436827", "code": 5209, "fclass": "street_lamp" }, "geometry": { "type": "Point", "coordinates": [ 13.3655902, 52.5245992 ] } },
{ "type": "Feature", "properties": { "osm_id": "7982436828", "code": 5209, "fclass": "street_lamp" }, "geometry": { "type": "Point", "coordinates": [ 13.3657439, 52.5246866 ] } },
{ "type": "Feature", "properties": { "osm_id": "7982436829", "code": 5209, "fclass": "street_lamp" }, "geometry": { "type": "Point", "coordinates": [ 13.3656671, 52.5247953 ] } },
{ "type": "Feature", "properties": { "osm_id": "7982436830", "code": 5209, "fclass": "street_lamp" }, "geometry": { "type": "Point", "coordinates": [ 13.3654864, 52.5246906 ] } },
{ "type": "Feature", "properties": { "osm_id": "7982436831", "code": 5209, "fclass": "street_lamp" }, "geometry": { "type": "Point", "coordinates": [ 13.3653693, 52.524611 ] } },
{ "type": "Feature", "properties": { "osm_id": "7982436832", "code": 5209, "fclass": "street_lamp" }, "geometry": { "type": "Point", "coordinates": [ 13.3658993, 52.5247986 ] } },
{ "type": "Feature", "properties": { "osm_id": "7982436833", "code": 5209, "fclass": "street_lamp" }, "geometry": { "type": "Point", "coordinates": [ 13.3661573, 52.5251078 ] } },
{ "type": "Feature", "properties": { "osm_id": "7982436834", "code": 5209, "fclass": "street_lamp" }, "geometry": { "type": "Point", "coordinates": [ 13.3657657, 52.5251774 ] } },
{ "type": "Feature", "properties": { "osm_id": "7982436835", "code": 5209, "fclass": "street_lamp" }, "geometry": { "type": "Point", "coordinates": [ 13.3652329, 52.5252766 ] } },
{ "type": "Feature", "properties": { "osm_id": "7982436836", "code": 5209, "fclass": "street_lamp" }, "geometry": { "type": "Point", "coordinates": [ 13.3649362, 52.5251775 ] } },
{ "type": "Feature", "properties": { "osm_id": "7982436837", "code": 5209, "fclass": "street_lamp" }, "geometry": { "type": "Point", "coordinates": [ 13.3653903, 52.525091 ] } },
{ "type": "Feature", "properties": { "osm_id": "7982436838", "code": 5209, "fclass": "street_lamp" }, "geometry": { "type": "Point", "coordinates": [ 13.3659958, 52.5254593 ] } },
{ "type": "Feature", "properties": { "osm_id": "7982436839", "code": 5209, "fclass": "street_lamp" }, "geometry": { "type": "Point", "coordinates": [ 13.3663449, 52.5256797 ] } },
{ "type": "Feature", "properties": { "osm_id": "7982436840", "code": 5209, "fclass": "street_lamp" }, "geometry": { "type": "Point", "coordinates": [ 13.3665825, 52.5254048 ] } },
{ "type": "Feature", "properties": { "osm_id": "7982436841", "code": 5209, "fclass": "street_lamp" }, "geometry": { "type": "Point", "coordinates": [ 13.3664885, 52.5255134 ] } },
{ "type": "Feature", "properties": { "osm_id": "7982436842", "code": 5209, "fclass": "street_lamp" }, "geometry": { "type": "Point", "coordinates": [ 13.3664162, 52.5255955 ] } },
{ "type": "Feature", "properties": { "osm_id": "7982436843", "code": 5209, "fclass": "street_lamp" }, "geometry": { "type": "Point", "coordinates": [ 13.3667209, 52.5257983 ] } },
{ "type": "Feature", "properties": { "osm_id": "7982436844", "code": 5209, "fclass": "street_lamp" }, "geometry": { "type": "Point", "coordinates": [ 13.3667944, 52.5257123 ] } },
{ "type": "Feature", "properties": { "osm_id": "7982436845", "code": 5209, "fclass": "street_lamp" }, "geometry": { "type": "Point", "coordinates": [ 13.366868, 52.5256296 ] } },
{ "type": "Feature", "properties": { "osm_id": "7982436846", "code": 5209, "fclass": "street_lamp" }, "geometry": { "type": "Point", "coordinates": [ 13.3669608, 52.5255216 ] } },
{ "type": "Feature", "properties": { "osm_id": "7982436847", "code": 5209, "fclass": "street_lamp" }, "geometry": { "type": "Point", "coordinates": [ 13.3673467, 52.5256431 ] } },
{ "type": "Feature", "properties": { "osm_id": "7982436848", "code": 5209, "fclass": "street_lamp" }, "geometry": { "type": "Point", "coordinates": [ 13.3672562, 52.5257518 ] } },
{ "type": "Feature", "properties": { "osm_id": "7982436849", "code": 5209, "fclass": "street_lamp" }, "geometry": { "type": "Point", "coordinates": [ 13.3671885, 52.5258338 ] } },
{ "type": "Feature", "properties": { "osm_id": "7982436850", "code": 5209, "fclass": "street_lamp" }, "geometry": { "type": "Point", "coordinates": [ 13.3671178, 52.525918 ] } },
{ "type": "Feature", "properties": { "osm_id": "7982436851", "code": 5209, "fclass": "street_lamp" }, "geometry": { "type": "Point", "coordinates": [ 13.3678756, 52.5255095 ] } },
{ "type": "Feature", "properties": { "osm_id": "7982436852", "code": 5209, "fclass": "street_lamp" }, "geometry": { "type": "Point", "coordinates": [ 13.367431, 52.5258994 ] } },
{ "type": "Feature", "properties": { "osm_id": "7982436853", "code": 5209, "fclass": "street_lamp" }, "geometry": { "type": "Point", "coordinates": [ 13.3674895, 52.5258286 ] } },
{ "type": "Feature", "properties": { "osm_id": "7982436854", "code": 5209, "fclass": "street_lamp" }, "geometry": { "type": "Point", "coordinates": [ 13.3673042, 52.5260008 ] } },
{ "type": "Feature", "properties": { "osm_id": "8016391399", "code": 5209, "fclass": "street_lamp" }, "geometry": { "type": "Point", "coordinates": [ 13.3360801, 52.5304551 ] } },
{ "type": "Feature", "properties": { "osm_id": "8040731291", "code": 5209, "fclass": "street_lamp" }, "geometry": { "type": "Point", "coordinates": [ 13.3578557, 52.5360454 ] } },
{ "type": "Feature", "properties": { "osm_id": "8040731296", "code": 5209, "fclass": "street_lamp" }, "geometry": { "type": "Point", "coordinates": [ 13.3619967, 52.5291527 ] } },
{ "type": "Feature", "properties": { "osm_id": "8040731297", "code": 5209, "fclass": "street_lamp" }, "geometry": { "type": "Point", "coordinates": [ 13.3617657, 52.5291394 ] } },
{ "type": "Feature", "properties": { "osm_id": "8040731298", "code": 5209, "fclass": "street_lamp" }, "geometry": { "type": "Point", "coordinates": [ 13.3615573, 52.5292219 ] } },
{ "type": "Feature", "properties": { "osm_id": "8040731299", "code": 5209, "fclass": "street_lamp" }, "geometry": { "type": "Point", "coordinates": [ 13.3614209, 52.5293439 ] } },
{ "type": "Feature", "properties": { "osm_id": "8040731300", "code": 5209, "fclass": "street_lamp" }, "geometry": { "type": "Point", "coordinates": [ 13.3612539, 52.5294329 ] } },
{ "type": "Feature", "properties": { "osm_id": "8040731323", "code": 5209, "fclass": "street_lamp" }, "geometry": { "type": "Point", "coordinates": [ 13.355446, 52.5264402 ] } },
{ "type": "Feature", "properties": { "osm_id": "8040731324", "code": 5209, "fclass": "street_lamp" }, "geometry": { "type": "Point", "coordinates": [ 13.3558391, 52.5263667 ] } },
{ "type": "Feature", "properties": { "osm_id": "8040731325", "code": 5209, "fclass": "street_lamp" }, "geometry": { "type": "Point", "coordinates": [ 13.355762, 52.5260822 ] } },
{ "type": "Feature", "properties": { "osm_id": "8040731326", "code": 5209, "fclass": "street_lamp" }, "geometry": { "type": "Point", "coordinates": [ 13.3561969, 52.5259392 ] } },
{ "type": "Feature", "properties": { "osm_id": "8040731327", "code": 5209, "fclass": "street_lamp" }, "geometry": { "type": "Point", "coordinates": [ 13.3561237, 52.5256543 ] } },
{ "type": "Feature", "properties": { "osm_id": "8040731328", "code": 5209, "fclass": "street_lamp" }, "geometry": { "type": "Point", "coordinates": [ 13.3565759, 52.5254898 ] } },
{ "type": "Feature", "properties": { "osm_id": "8040731329", "code": 5209, "fclass": "street_lamp" }, "geometry": { "type": "Point", "coordinates": [ 13.3564834, 52.5252275 ] } },
{ "type": "Feature", "properties": { "osm_id": "8040731330", "code": 5209, "fclass": "street_lamp" }, "geometry": { "type": "Point", "coordinates": [ 13.3569093, 52.5250923 ] } },
{ "type": "Feature", "properties": { "osm_id": "8040731331", "code": 5209, "fclass": "street_lamp" }, "geometry": { "type": "Point", "coordinates": [ 13.3568309, 52.5248086 ] } },
{ "type": "Feature", "properties": { "osm_id": "8040731332", "code": 5209, "fclass": "street_lamp" }, "geometry": { "type": "Point", "coordinates": [ 13.3572446, 52.524714 ] } },
{ "type": "Feature", "properties": { "osm_id": "8040731333", "code": 5209, "fclass": "street_lamp" }, "geometry": { "type": "Point", "coordinates": [ 13.3569644, 52.5244732 ] } },
{ "type": "Feature", "properties": { "osm_id": "8040731334", "code": 5209, "fclass": "street_lamp" }, "geometry": { "type": "Point", "coordinates": [ 13.3573875, 52.524299 ] } },
{ "type": "Feature", "properties": { "osm_id": "8040731338", "code": 5209, "fclass": "street_lamp" }, "geometry": { "type": "Point", "coordinates": [ 13.3564953, 52.524016 ] } },
{ "type": "Feature", "properties": { "osm_id": "8040731339", "code": 5209, "fclass": "street_lamp" }, "geometry": { "type": "Point", "coordinates": [ 13.3566126, 52.5241231 ] } },
{ "type": "Feature", "properties": { "osm_id": "8040731340", "code": 5209, "fclass": "street_lamp" }, "geometry": { "type": "Point", "coordinates": [ 13.3548409, 52.5271931 ] } },
{ "type": "Feature", "properties": { "osm_id": "8040731341", "code": 5209, "fclass": "street_lamp" }, "geometry": { "type": "Point", "coordinates": [ 13.355178, 52.5271673 ] } },
{ "type": "Feature", "properties": { "osm_id": "8040731342", "code": 5209, "fclass": "street_lamp" }, "geometry": { "type": "Point", "coordinates": [ 13.3549726, 52.5269662 ] } },
{ "type": "Feature", "properties": { "osm_id": "8040731343", "code": 5209, "fclass": "street_lamp" }, "geometry": { "type": "Point", "coordinates": [ 13.3553236, 52.5269667 ] } },
{ "type": "Feature", "properties": { "osm_id": "8040731344", "code": 5209, "fclass": "street_lamp" }, "geometry": { "type": "Point", "coordinates": [ 13.3549772, 52.5274072 ] } },
{ "type": "Feature", "properties": { "osm_id": "8040731345", "code": 5209, "fclass": "street_lamp" }, "geometry": { "type": "Point", "coordinates": [ 13.3545646, 52.5275854 ] } },
{ "type": "Feature", "properties": { "osm_id": "8040731346", "code": 5209, "fclass": "street_lamp" }, "geometry": { "type": "Point", "coordinates": [ 13.3545406, 52.5279003 ] } },
{ "type": "Feature", "properties": { "osm_id": "8040731347", "code": 5209, "fclass": "street_lamp" }, "geometry": { "type": "Point", "coordinates": [ 13.3541529, 52.5280819 ] } },
{ "type": "Feature", "properties": { "osm_id": "8040731348", "code": 5209, "fclass": "street_lamp" }, "geometry": { "type": "Point", "coordinates": [ 13.3541658, 52.5283688 ] } },
{ "type": "Feature", "properties": { "osm_id": "8075476658", "code": 5209, "fclass": "street_lamp" }, "geometry": { "type": "Point", "coordinates": [ 13.3311412, 52.5297139 ] } },
{ "type": "Feature", "properties": { "osm_id": "8075476661", "code": 5209, "fclass": "street_lamp" }, "geometry": { "type": "Point", "coordinates": [ 13.3307752, 52.528958 ] } },
{ "type": "Feature", "properties": { "osm_id": "8075476672", "code": 5209, "fclass": "street_lamp" }, "geometry": { "type": "Point", "coordinates": [ 13.3305905, 52.5282566 ] } },
{ "type": "Feature", "properties": { "osm_id": "8075476673", "code": 5209, "fclass": "street_lamp" }, "geometry": { "type": "Point", "coordinates": [ 13.330438, 52.5276227 ] } },
{ "type": "Feature", "properties": { "osm_id": "8075476678", "code": 5209, "fclass": "street_lamp" }, "geometry": { "type": "Point", "coordinates": [ 13.3308065, 52.5271573 ] } },
{ "type": "Feature", "properties": { "osm_id": "8075476691", "code": 5209, "fclass": "street_lamp" }, "geometry": { "type": "Point", "coordinates": [ 13.3311066, 52.5272642 ] } },
{ "type": "Feature", "properties": { "osm_id": "8075476692", "code": 5209, "fclass": "street_lamp" }, "geometry": { "type": "Point", "coordinates": [ 13.3312323, 52.5270266 ] } },
{ "type": "Feature", "properties": { "osm_id": "8075476693", "code": 5209, "fclass": "street_lamp" }, "geometry": { "type": "Point", "coordinates": [ 13.3316943, 52.5269881 ] } },
{ "type": "Feature", "properties": { "osm_id": "8075476694", "code": 5209, "fclass": "street_lamp" }, "geometry": { "type": "Point", "coordinates": [ 13.331585, 52.5272167 ] } },
{ "type": "Feature", "properties": { "osm_id": "8075476695", "code": 5209, "fclass": "street_lamp" }, "geometry": { "type": "Point", "coordinates": [ 13.33205, 52.5271696 ] } },
{ "type": "Feature", "properties": { "osm_id": "8075476696", "code": 5209, "fclass": "street_lamp" }, "geometry": { "type": "Point", "coordinates": [ 13.3321415, 52.526951 ] } },
{ "type": "Feature", "properties": { "osm_id": "8075476697", "code": 5209, "fclass": "street_lamp" }, "geometry": { "type": "Point", "coordinates": [ 13.332515, 52.5271185 ] } },
{ "type": "Feature", "properties": { "osm_id": "8075476698", "code": 5209, "fclass": "street_lamp" }, "geometry": { "type": "Point", "coordinates": [ 13.332576, 52.5269125 ] } },
{ "type": "Feature", "properties": { "osm_id": "8075476700", "code": 5209, "fclass": "street_lamp" }, "geometry": { "type": "Point", "coordinates": [ 13.3329941, 52.5270741 ] } },
{ "type": "Feature", "properties": { "osm_id": "8075476702", "code": 5209, "fclass": "street_lamp" }, "geometry": { "type": "Point", "coordinates": [ 13.3329971, 52.5268754 ] } },
{ "type": "Feature", "properties": { "osm_id": "8075476703", "code": 5209, "fclass": "street_lamp" }, "geometry": { "type": "Point", "coordinates": [ 13.3334882, 52.527027 ] } },
{ "type": "Feature", "properties": { "osm_id": "8075476704", "code": 5209, "fclass": "street_lamp" }, "geometry": { "type": "Point", "coordinates": [ 13.333445, 52.5268442 ] } },
{ "type": "Feature", "properties": { "osm_id": "8075476705", "code": 5209, "fclass": "street_lamp" }, "geometry": { "type": "Point", "coordinates": [ 13.3338929, 52.526989 ] } },
{ "type": "Feature", "properties": { "osm_id": "8075476706", "code": 5209, "fclass": "street_lamp" }, "geometry": { "type": "Point", "coordinates": [ 13.3338661, 52.5267939 ] } },
{ "type": "Feature", "properties": { "osm_id": "8075476712", "code": 5209, "fclass": "street_lamp" }, "geometry": { "type": "Point", "coordinates": [ 13.3343453, 52.5269469 ] } },
{ "type": "Feature", "properties": { "osm_id": "8075476713", "code": 5209, "fclass": "street_lamp" }, "geometry": { "type": "Point", "coordinates": [ 13.3342917, 52.5267532 ] } },
{ "type": "Feature", "properties": { "osm_id": "8075476716", "code": 5209, "fclass": "street_lamp" }, "geometry": { "type": "Point", "coordinates": [ 13.3347791, 52.5269048 ] } },
{ "type": "Feature", "properties": { "osm_id": "8075490617", "code": 5209, "fclass": "street_lamp" }, "geometry": { "type": "Point", "coordinates": [ 13.3347984, 52.526707 ] } },
{ "type": "Feature", "properties": { "osm_id": "8075490622", "code": 5209, "fclass": "street_lamp" }, "geometry": { "type": "Point", "coordinates": [ 13.3382928, 52.5267304 ] } },
{ "type": "Feature", "properties": { "osm_id": "8075490630", "code": 5209, "fclass": "street_lamp" }, "geometry": { "type": "Point", "coordinates": [ 13.3385412, 52.5267073 ] } },
{ "type": "Feature", "properties": { "osm_id": "8075490697", "code": 5209, "fclass": "street_lamp" }, "geometry": { "type": "Point", "coordinates": [ 13.3435358, 52.5289357 ] } },
{ "type": "Feature", "properties": { "osm_id": "8075490698", "code": 5209, "fclass": "street_lamp" }, "geometry": { "type": "Point", "coordinates": [ 13.3432692, 52.5287214 ] } },
{ "type": "Feature", "properties": { "osm_id": "8075490717", "code": 5209, "fclass": "street_lamp" }, "geometry": { "type": "Point", "coordinates": [ 13.3435252, 52.5317566 ] } },
{ "type": "Feature", "properties": { "osm_id": "8075490720", "code": 5209, "fclass": "street_lamp" }, "geometry": { "type": "Point", "coordinates": [ 13.3438487, 52.5315951 ] } },
{ "type": "Feature", "properties": { "osm_id": "8075490721", "code": 5209, "fclass": "street_lamp" }, "geometry": { "type": "Point", "coordinates": [ 13.3439665, 52.5317426 ] } },
{ "type": "Feature", "properties": { "osm_id": "8075490724", "code": 5209, "fclass": "street_lamp" }, "geometry": { "type": "Point", "coordinates": [ 13.3430479, 52.5318736 ] } },
{ "type": "Feature", "properties": { "osm_id": "8075490729", "code": 5209, "fclass": "street_lamp" }, "geometry": { "type": "Point", "coordinates": [ 13.3426689, 52.5320422 ] } },
{ "type": "Feature", "properties": { "osm_id": "8075513330", "code": 5209, "fclass": "street_lamp" }, "geometry": { "type": "Point", "coordinates": [ 13.3439514, 52.5380556 ] } },
{ "type": "Feature", "properties": { "osm_id": "8075513331", "code": 5209, "fclass": "street_lamp" }, "geometry": { "type": "Point", "coordinates": [ 13.343827, 52.537876 ] } },
{ "type": "Feature", "properties": { "osm_id": "8075513332", "code": 5209, "fclass": "street_lamp" }, "geometry": { "type": "Point", "coordinates": [ 13.3434594, 52.5378371 ] } },
{ "type": "Feature", "properties": { "osm_id": "8075513338", "code": 5209, "fclass": "street_lamp" }, "geometry": { "type": "Point", "coordinates": [ 13.3426446, 52.5376844 ] } },
{ "type": "Feature", "properties": { "osm_id": "8075513339", "code": 5209, "fclass": "street_lamp" }, "geometry": { "type": "Point", "coordinates": [ 13.3430567, 52.53776 ] } },
{ "type": "Feature", "properties": { "osm_id": "8075513346", "code": 5209, "fclass": "street_lamp" }, "geometry": { "type": "Point", "coordinates": [ 13.3439072, 52.5375834 ] } },
{ "type": "Feature", "properties": { "osm_id": "8075513347", "code": 5209, "fclass": "street_lamp" }, "geometry": { "type": "Point", "coordinates": [ 13.3438314, 52.5373966 ] } },
{ "type": "Feature", "properties": { "osm_id": "8075513356", "code": 5209, "fclass": "street_lamp" }, "geometry": { "type": "Point", "coordinates": [ 13.3451211, 52.5382741 ] } },
{ "type": "Feature", "properties": { "osm_id": "8075513357", "code": 5209, "fclass": "street_lamp" }, "geometry": { "type": "Point", "coordinates": [ 13.3463519, 52.538007 ] } },
{ "type": "Feature", "properties": { "osm_id": "8075513370", "code": 5209, "fclass": "street_lamp" }, "geometry": { "type": "Point", "coordinates": [ 13.3572315, 52.5380905 ] } },
{ "type": "Feature", "properties": { "osm_id": "8075513371", "code": 5209, "fclass": "street_lamp" }, "geometry": { "type": "Point", "coordinates": [ 13.3600664, 52.537322 ] } },
{ "type": "Feature", "properties": { "osm_id": "8075513372", "code": 5209, "fclass": "street_lamp" }, "geometry": { "type": "Point", "coordinates": [ 13.3641578, 52.5362518 ] } },
{ "type": "Feature", "properties": { "osm_id": "8075513373", "code": 5209, "fclass": "street_lamp" }, "geometry": { "type": "Point", "coordinates": [ 13.3640087, 52.5363463 ] } },
{ "type": "Feature", "properties": { "osm_id": "8075513374", "code": 5209, "fclass": "street_lamp" }, "geometry": { "type": "Point", "coordinates": [ 13.3644816, 52.5364375 ] } },
{ "type": "Feature", "properties": { "osm_id": "8075513375", "code": 5209, "fclass": "street_lamp" }, "geometry": { "type": "Point", "coordinates": [ 13.3643337, 52.5365324 ] } },
{ "type": "Feature", "properties": { "osm_id": "8075513376", "code": 5209, "fclass": "street_lamp" }, "geometry": { "type": "Point", "coordinates": [ 13.3646636, 52.5367226 ] } },
{ "type": "Feature", "properties": { "osm_id": "8075513377", "code": 5209, "fclass": "street_lamp" }, "geometry": { "type": "Point", "coordinates": [ 13.3648107, 52.5366269 ] } },
{ "type": "Feature", "properties": { "osm_id": "8075513378", "code": 5209, "fclass": "street_lamp" }, "geometry": { "type": "Point", "coordinates": [ 13.3651331, 52.536815 ] } },
{ "type": "Feature", "properties": { "osm_id": "8075513379", "code": 5209, "fclass": "street_lamp" }, "geometry": { "type": "Point", "coordinates": [ 13.3649839, 52.5369116 ] } },
{ "type": "Feature", "properties": { "osm_id": "8140117827", "code": 5209, "fclass": "street_lamp" }, "geometry": { "type": "Point", "coordinates": [ 13.3557305, 52.5199413 ] } },
{ "type": "Feature", "properties": { "osm_id": "8165404099", "code": 5209, "fclass": "street_lamp" }, "geometry": { "type": "Point", "coordinates": [ 13.3529906, 52.5294221 ] } },
{ "type": "Feature", "properties": { "osm_id": "8165404100", "code": 5209, "fclass": "street_lamp" }, "geometry": { "type": "Point", "coordinates": [ 13.3530603, 52.5292803 ] } },
{ "type": "Feature", "properties": { "osm_id": "8165404103", "code": 5209, "fclass": "street_lamp" }, "geometry": { "type": "Point", "coordinates": [ 13.3530291, 52.5297266 ] } },
{ "type": "Feature", "properties": { "osm_id": "8165404105", "code": 5209, "fclass": "street_lamp" }, "geometry": { "type": "Point", "coordinates": [ 13.3527663, 52.5293797 ] } },
{ "type": "Feature", "properties": { "osm_id": "8165404106", "code": 5209, "fclass": "street_lamp" }, "geometry": { "type": "Point", "coordinates": [ 13.3533797, 52.5293118 ] } },
{ "type": "Feature", "properties": { "osm_id": "8165404107", "code": 5209, "fclass": "street_lamp" }, "geometry": { "type": "Point", "coordinates": [ 13.3520845, 52.5295529 ] } },
{ "type": "Feature", "properties": { "osm_id": "8165406447", "code": 5209, "fclass": "street_lamp" }, "geometry": { "type": "Point", "coordinates": [ 13.3532231, 52.529123 ] } },
{ "type": "Feature", "properties": { "osm_id": "8165902257", "code": 5209, "fclass": "street_lamp" }, "geometry": { "type": "Point", "coordinates": [ 13.3411387, 52.5375773 ] } },
{ "type": "Feature", "properties": { "osm_id": "8165902258", "code": 5209, "fclass": "street_lamp" }, "geometry": { "type": "Point", "coordinates": [ 13.3412366, 52.5374241 ] } },
{ "type": "Feature", "properties": { "osm_id": "8165902262", "code": 5209, "fclass": "street_lamp" }, "geometry": { "type": "Point", "coordinates": [ 13.3413283, 52.5372608 ] } },
{ "type": "Feature", "properties": { "osm_id": "8165902263", "code": 5209, "fclass": "street_lamp" }, "geometry": { "type": "Point", "coordinates": [ 13.3414892, 52.5371076 ] } },
{ "type": "Feature", "properties": { "osm_id": "8165902268", "code": 5209, "fclass": "street_lamp" }, "geometry": { "type": "Point", "coordinates": [ 13.3404215, 52.5372045 ] } },
{ "type": "Feature", "properties": { "osm_id": "8165902269", "code": 5209, "fclass": "street_lamp" }, "geometry": { "type": "Point", "coordinates": [ 13.3417428, 52.5375186 ] } },
{ "type": "Feature", "properties": { "osm_id": "8165902270", "code": 5209, "fclass": "street_lamp" }, "geometry": { "type": "Point", "coordinates": [ 13.3421957, 52.5376022 ] } },
{ "type": "Feature", "properties": { "osm_id": "8165902271", "code": 5209, "fclass": "street_lamp" }, "geometry": { "type": "Point", "coordinates": [ 13.3406556, 52.5364574 ] } },
{ "type": "Feature", "properties": { "osm_id": "8165902289", "code": 5209, "fclass": "street_lamp" }, "geometry": { "type": "Point", "coordinates": [ 13.3392255, 52.5362508 ] } },
{ "type": "Feature", "properties": { "osm_id": "8165902290", "code": 5209, "fclass": "street_lamp" }, "geometry": { "type": "Point", "coordinates": [ 13.3398008, 52.5363192 ] } },
{ "type": "Feature", "properties": { "osm_id": "8165902303", "code": 5209, "fclass": "street_lamp" }, "geometry": { "type": "Point", "coordinates": [ 13.3386498, 52.5361794 ] } },
{ "type": "Feature", "properties": { "osm_id": "8165902315", "code": 5209, "fclass": "street_lamp" }, "geometry": { "type": "Point", "coordinates": [ 13.3378282, 52.5362045 ] } },
{ "type": "Feature", "properties": { "osm_id": "8165902316", "code": 5209, "fclass": "street_lamp" }, "geometry": { "type": "Point", "coordinates": [ 13.3374304, 52.5360277 ] } },
{ "type": "Feature", "properties": { "osm_id": "8165919617", "code": 5209, "fclass": "street_lamp" }, "geometry": { "type": "Point", "coordinates": [ 13.3309126, 52.5353734 ] } },
{ "type": "Feature", "properties": { "osm_id": "8165919624", "code": 5209, "fclass": "street_lamp" }, "geometry": { "type": "Point", "coordinates": [ 13.3285221, 52.5346252 ] } },
{ "type": "Feature", "properties": { "osm_id": "8165919631", "code": 5209, "fclass": "street_lamp" }, "geometry": { "type": "Point", "coordinates": [ 13.3281386, 52.5347363 ] } },
{ "type": "Feature", "properties": { "osm_id": "8165919632", "code": 5209, "fclass": "street_lamp" }, "geometry": { "type": "Point", "coordinates": [ 13.3280236, 52.5350302 ] } },
{ "type": "Feature", "properties": { "osm_id": "8165919681", "code": 5209, "fclass": "street_lamp" }, "geometry": { "type": "Point", "coordinates": [ 13.3261949, 52.5370791 ] } },
{ "type": "Feature", "properties": { "osm_id": "8165919682", "code": 5209, "fclass": "street_lamp" }, "geometry": { "type": "Point", "coordinates": [ 13.3269923, 52.5370624 ] } },
{ "type": "Feature", "properties": { "osm_id": "8168560218", "code": 5209, "fclass": "street_lamp" }, "geometry": { "type": "Point", "coordinates": [ 13.336763, 52.5394528 ] } },
{ "type": "Feature", "properties": { "osm_id": "8168560219", "code": 5209, "fclass": "street_lamp" }, "geometry": { "type": "Point", "coordinates": [ 13.337486, 52.5392408 ] } },
{ "type": "Feature", "properties": { "osm_id": "8168560220", "code": 5209, "fclass": "street_lamp" }, "geometry": { "type": "Point", "coordinates": [ 13.3383716, 52.5389982 ] } },
{ "type": "Feature", "properties": { "osm_id": "8168560223", "code": 5209, "fclass": "street_lamp" }, "geometry": { "type": "Point", "coordinates": [ 13.3355284, 52.5396645 ] } },
{ "type": "Feature", "properties": { "osm_id": "8168560224", "code": 5209, "fclass": "street_lamp" }, "geometry": { "type": "Point", "coordinates": [ 13.3351148, 52.5396603 ] } },
{ "type": "Feature", "properties": { "osm_id": "8168560225", "code": 5209, "fclass": "street_lamp" }, "geometry": { "type": "Point", "coordinates": [ 13.3346917, 52.539615 ] } },
{ "type": "Feature", "properties": { "osm_id": "8168560255", "code": 5209, "fclass": "street_lamp" }, "geometry": { "type": "Point", "coordinates": [ 13.3373141, 52.5394263 ] } },
{ "type": "Feature", "properties": { "osm_id": "8168560256", "code": 5209, "fclass": "street_lamp" }, "geometry": { "type": "Point", "coordinates": [ 13.3363103, 52.5395946 ] } },
{ "type": "Feature", "properties": { "osm_id": "8168560257", "code": 5209, "fclass": "street_lamp" }, "geometry": { "type": "Point", "coordinates": [ 13.3362645, 52.5393237 ] } },
{ "type": "Feature", "properties": { "osm_id": "8168560258", "code": 5209, "fclass": "street_lamp" }, "geometry": { "type": "Point", "coordinates": [ 13.3376776, 52.5389801 ] } },
{ "type": "Feature", "properties": { "osm_id": "8168560259", "code": 5209, "fclass": "street_lamp" }, "geometry": { "type": "Point", "coordinates": [ 13.3423967, 52.5366869 ] } },
{ "type": "Feature", "properties": { "osm_id": "8168560260", "code": 5209, "fclass": "street_lamp" }, "geometry": { "type": "Point", "coordinates": [ 13.3427552, 52.5366278 ] } },
{ "type": "Feature", "properties": { "osm_id": "8168560261", "code": 5209, "fclass": "street_lamp" }, "geometry": { "type": "Point", "coordinates": [ 13.3430827, 52.5366121 ] } },
{ "type": "Feature", "properties": { "osm_id": "8168560262", "code": 5209, "fclass": "street_lamp" }, "geometry": { "type": "Point", "coordinates": [ 13.3434622, 52.5366023 ] } },
{ "type": "Feature", "properties": { "osm_id": "8196573946", "code": 5209, "fclass": "street_lamp" }, "geometry": { "type": "Point", "coordinates": [ 13.3402251, 52.5325484 ] } },
{ "type": "Feature", "properties": { "osm_id": "8196573947", "code": 5209, "fclass": "street_lamp" }, "geometry": { "type": "Point", "coordinates": [ 13.3394647, 52.5327476 ] } },
{ "type": "Feature", "properties": { "osm_id": "8196573993", "code": 5209, "fclass": "street_lamp" }, "geometry": { "type": "Point", "coordinates": [ 13.3366839, 52.5332926 ] } },
{ "type": "Feature", "properties": { "osm_id": "8196573994", "code": 5209, "fclass": "street_lamp" }, "geometry": { "type": "Point", "coordinates": [ 13.3363765, 52.5332271 ] } },
{ "type": "Feature", "properties": { "osm_id": "8196661502", "code": 5209, "fclass": "street_lamp" }, "geometry": { "type": "Point", "coordinates": [ 13.3396821, 52.5338949 ] } },
{ "type": "Feature", "properties": { "osm_id": "8196661503", "code": 5209, "fclass": "street_lamp" }, "geometry": { "type": "Point", "coordinates": [ 13.3394126, 52.5339963 ] } },
{ "type": "Feature", "properties": { "osm_id": "8196739209", "code": 5209, "fclass": "street_lamp" }, "geometry": { "type": "Point", "coordinates": [ 13.327699, 52.5329111 ] } },
{ "type": "Feature", "properties": { "osm_id": "8196739210", "code": 5209, "fclass": "street_lamp" }, "geometry": { "type": "Point", "coordinates": [ 13.328107, 52.5328297 ] } },
{ "type": "Feature", "properties": { "osm_id": "8196739211", "code": 5209, "fclass": "street_lamp" }, "geometry": { "type": "Point", "coordinates": [ 13.3272948, 52.5328358 ] } },
{ "type": "Feature", "properties": { "osm_id": "8196739212", "code": 5209, "fclass": "street_lamp" }, "geometry": { "type": "Point", "coordinates": [ 13.3265807, 52.5327026 ] } },
{ "type": "Feature", "properties": { "osm_id": "8196739213", "code": 5209, "fclass": "street_lamp" }, "geometry": { "type": "Point", "coordinates": [ 13.3264306, 52.532521 ] } },
{ "type": "Feature", "properties": { "osm_id": "8196739214", "code": 5209, "fclass": "street_lamp" }, "geometry": { "type": "Point", "coordinates": [ 13.3260482, 52.5324433 ] } },
{ "type": "Feature", "properties": { "osm_id": "8196739215", "code": 5209, "fclass": "street_lamp" }, "geometry": { "type": "Point", "coordinates": [ 13.3251086, 52.5324259 ] } },
{ "type": "Feature", "properties": { "osm_id": "8196739216", "code": 5209, "fclass": "street_lamp" }, "geometry": { "type": "Point", "coordinates": [ 13.3245024, 52.532156 ] } },
{ "type": "Feature", "properties": { "osm_id": "8196765518", "code": 5209, "fclass": "street_lamp" }, "geometry": { "type": "Point", "coordinates": [ 13.324751, 52.532354 ] } },
{ "type": "Feature", "properties": { "osm_id": "8196765519", "code": 5209, "fclass": "street_lamp" }, "geometry": { "type": "Point", "coordinates": [ 13.3239369, 52.5322101 ] } },
{ "type": "Feature", "properties": { "osm_id": "8196765520", "code": 5209, "fclass": "street_lamp" }, "geometry": { "type": "Point", "coordinates": [ 13.3233287, 52.531933 ] } },
{ "type": "Feature", "properties": { "osm_id": "8196765521", "code": 5209, "fclass": "street_lamp" }, "geometry": { "type": "Point", "coordinates": [ 13.3229334, 52.5318629 ] } },
{ "type": "Feature", "properties": { "osm_id": "8196765522", "code": 5209, "fclass": "street_lamp" }, "geometry": { "type": "Point", "coordinates": [ 13.3235966, 52.5321546 ] } },
{ "type": "Feature", "properties": { "osm_id": "8196765523", "code": 5209, "fclass": "street_lamp" }, "geometry": { "type": "Point", "coordinates": [ 13.3225558, 52.5317931 ] } },
{ "type": "Feature", "properties": { "osm_id": "8196765524", "code": 5209, "fclass": "street_lamp" }, "geometry": { "type": "Point", "coordinates": [ 13.3221661, 52.5317175 ] } },
{ "type": "Feature", "properties": { "osm_id": "8196765525", "code": 5209, "fclass": "street_lamp" }, "geometry": { "type": "Point", "coordinates": [ 13.3215101, 52.5315956 ] } },
{ "type": "Feature", "properties": { "osm_id": "8196765526", "code": 5209, "fclass": "street_lamp" }, "geometry": { "type": "Point", "coordinates": [ 13.3217892, 52.5316409 ] } },
{ "type": "Feature", "properties": { "osm_id": "8196765527", "code": 5209, "fclass": "street_lamp" }, "geometry": { "type": "Point", "coordinates": [ 13.3177823, 52.5309132 ] } },
{ "type": "Feature", "properties": { "osm_id": "8196765528", "code": 5209, "fclass": "street_lamp" }, "geometry": { "type": "Point", "coordinates": [ 13.3178652, 52.5310552 ] } },
{ "type": "Feature", "properties": { "osm_id": "8196765529", "code": 5209, "fclass": "street_lamp" }, "geometry": { "type": "Point", "coordinates": [ 13.3165017, 52.5306734 ] } },
{ "type": "Feature", "properties": { "osm_id": "8196765530", "code": 5209, "fclass": "street_lamp" }, "geometry": { "type": "Point", "coordinates": [ 13.316201, 52.5307441 ] } },
{ "type": "Feature", "properties": { "osm_id": "8196765531", "code": 5209, "fclass": "street_lamp" }, "geometry": { "type": "Point", "coordinates": [ 13.3157886, 52.5306673 ] } },
{ "type": "Feature", "properties": { "osm_id": "8196765532", "code": 5209, "fclass": "street_lamp" }, "geometry": { "type": "Point", "coordinates": [ 13.314217, 52.5302401 ] } },
{ "type": "Feature", "properties": { "osm_id": "8196765533", "code": 5209, "fclass": "street_lamp" }, "geometry": { "type": "Point", "coordinates": [ 13.3141585, 52.5303662 ] } },
{ "type": "Feature", "properties": { "osm_id": "8197109596", "code": 5209, "fclass": "street_lamp" }, "geometry": { "type": "Point", "coordinates": [ 13.3160518, 52.5259423 ] } },
{ "type": "Feature", "properties": { "osm_id": "8197109598", "code": 5209, "fclass": "street_lamp" }, "geometry": { "type": "Point", "coordinates": [ 13.3159768, 52.526147 ] } },
{ "type": "Feature", "properties": { "osm_id": "8197109599", "code": 5209, "fclass": "street_lamp" }, "geometry": { "type": "Point", "coordinates": [ 13.315899, 52.526361 ] } },
{ "type": "Feature", "properties": { "osm_id": "8197109600", "code": 5209, "fclass": "street_lamp" }, "geometry": { "type": "Point", "coordinates": [ 13.3149397, 52.5294438 ] } },
{ "type": "Feature", "properties": { "osm_id": "8197109601", "code": 5209, "fclass": "street_lamp" }, "geometry": { "type": "Point", "coordinates": [ 13.3157371, 52.5268115 ] } },
{ "type": "Feature", "properties": { "osm_id": "8197208887", "code": 5209, "fclass": "street_lamp" }, "geometry": { "type": "Point", "coordinates": [ 13.3191715, 52.528343 ] } },
{ "type": "Feature", "properties": { "osm_id": "8197208888", "code": 5209, "fclass": "street_lamp" }, "geometry": { "type": "Point", "coordinates": [ 13.3192428, 52.5284602 ] } },
{ "type": "Feature", "properties": { "osm_id": "8197208892", "code": 5209, "fclass": "street_lamp" }, "geometry": { "type": "Point", "coordinates": [ 13.3210911, 52.528142 ] } },
{ "type": "Feature", "properties": { "osm_id": "8197208893", "code": 5209, "fclass": "street_lamp" }, "geometry": { "type": "Point", "coordinates": [ 13.3204974, 52.5281633 ] } },
{ "type": "Feature", "properties": { "osm_id": "8197208894", "code": 5209, "fclass": "street_lamp" }, "geometry": { "type": "Point", "coordinates": [ 13.3200287, 52.5284015 ] } },
{ "type": "Feature", "properties": { "osm_id": "8197208895", "code": 5209, "fclass": "street_lamp" }, "geometry": { "type": "Point", "coordinates": [ 13.3196575, 52.5282764 ] } },
{ "type": "Feature", "properties": { "osm_id": "8197208896", "code": 5209, "fclass": "street_lamp" }, "geometry": { "type": "Point", "coordinates": [ 13.3220475, 52.5280408 ] } },
{ "type": "Feature", "properties": { "osm_id": "8197208899", "code": 5209, "fclass": "street_lamp" }, "geometry": { "type": "Point", "coordinates": [ 13.3284426, 52.5274066 ] } },
{ "type": "Feature", "properties": { "osm_id": "8197280726", "code": 5209, "fclass": "street_lamp" }, "geometry": { "type": "Point", "coordinates": [ 13.3298877, 52.5273928 ] } },
{ "type": "Feature", "properties": { "osm_id": "8197280727", "code": 5209, "fclass": "street_lamp" }, "geometry": { "type": "Point", "coordinates": [ 13.3302574, 52.5272248 ] } },
{ "type": "Feature", "properties": { "osm_id": "8197280728", "code": 5209, "fclass": "street_lamp" }, "geometry": { "type": "Point", "coordinates": [ 13.329398, 52.5274374 ] } },
{ "type": "Feature", "properties": { "osm_id": "8197280729", "code": 5209, "fclass": "street_lamp" }, "geometry": { "type": "Point", "coordinates": [ 13.3293451, 52.527206 ] } },
{ "type": "Feature", "properties": { "osm_id": "8197280730", "code": 5209, "fclass": "street_lamp" }, "geometry": { "type": "Point", "coordinates": [ 13.3289084, 52.5273533 ] } },
{ "type": "Feature", "properties": { "osm_id": "8197280731", "code": 5209, "fclass": "street_lamp" }, "geometry": { "type": "Point", "coordinates": [ 13.3298491, 52.5271613 ] } },
{ "type": "Feature", "properties": { "osm_id": "8197280732", "code": 5209, "fclass": "street_lamp" }, "geometry": { "type": "Point", "coordinates": [ 13.328829, 52.5275946 ] } },
{ "type": "Feature", "properties": { "osm_id": "8197280733", "code": 5209, "fclass": "street_lamp" }, "geometry": { "type": "Point", "coordinates": [ 13.3285395, 52.5276944 ] } },
{ "type": "Feature", "properties": { "osm_id": "8197280734", "code": 5209, "fclass": "street_lamp" }, "geometry": { "type": "Point", "coordinates": [ 13.328708, 52.5271415 ] } },
{ "type": "Feature", "properties": { "osm_id": "8197280737", "code": 5209, "fclass": "street_lamp" }, "geometry": { "type": "Point", "coordinates": [ 13.3285136, 52.5266462 ] } },
{ "type": "Feature", "properties": { "osm_id": "8197280739", "code": 5209, "fclass": "street_lamp" }, "geometry": { "type": "Point", "coordinates": [ 13.3279567, 52.5258787 ] } },
{ "type": "Feature", "properties": { "osm_id": "8197280740", "code": 5209, "fclass": "street_lamp" }, "geometry": { "type": "Point", "coordinates": [ 13.3280961, 52.5255948 ] } },
{ "type": "Feature", "properties": { "osm_id": "8197280741", "code": 5209, "fclass": "street_lamp" }, "geometry": { "type": "Point", "coordinates": [ 13.3277587, 52.5253756 ] } },
{ "type": "Feature", "properties": { "osm_id": "8197280742", "code": 5209, "fclass": "street_lamp" }, "geometry": { "type": "Point", "coordinates": [ 13.3278887, 52.5250788 ] } },
{ "type": "Feature", "properties": { "osm_id": "8197280743", "code": 5209, "fclass": "street_lamp" }, "geometry": { "type": "Point", "coordinates": [ 13.3275598, 52.5248849 ] } },
{ "type": "Feature", "properties": { "osm_id": "8197280744", "code": 5209, "fclass": "street_lamp" }, "geometry": { "type": "Point", "coordinates": [ 13.3277026, 52.5245942 ] } },
{ "type": "Feature", "properties": { "osm_id": "8197298940", "code": 5209, "fclass": "street_lamp" }, "geometry": { "type": "Point", "coordinates": [ 13.327568, 52.5275884 ] } },
{ "type": "Feature", "properties": { "osm_id": "8197298941", "code": 5209, "fclass": "street_lamp" }, "geometry": { "type": "Point", "coordinates": [ 13.3271491, 52.5276246 ] } },
{ "type": "Feature", "properties": { "osm_id": "8197298948", "code": 5209, "fclass": "street_lamp" }, "geometry": { "type": "Point", "coordinates": [ 13.3267271, 52.5275448 ] } },
{ "type": "Feature", "properties": { "osm_id": "8197298949", "code": 5209, "fclass": "street_lamp" }, "geometry": { "type": "Point", "coordinates": [ 13.3263324, 52.5277005 ] } },
{ "type": "Feature", "properties": { "osm_id": "8197298950", "code": 5209, "fclass": "street_lamp" }, "geometry": { "type": "Point", "coordinates": [ 13.3259512, 52.5276248 ] } },
{ "type": "Feature", "properties": { "osm_id": "8197298951", "code": 5209, "fclass": "street_lamp" }, "geometry": { "type": "Point", "coordinates": [ 13.325586, 52.5277791 ] } },
{ "type": "Feature", "properties": { "osm_id": "8197298952", "code": 5209, "fclass": "street_lamp" }, "geometry": { "type": "Point", "coordinates": [ 13.3252192, 52.5277034 ] } },
{ "type": "Feature", "properties": { "osm_id": "8197298953", "code": 5209, "fclass": "street_lamp" }, "geometry": { "type": "Point", "coordinates": [ 13.3247479, 52.5278698 ] } },
{ "type": "Feature", "properties": { "osm_id": "8197298954", "code": 5209, "fclass": "street_lamp" }, "geometry": { "type": "Point", "coordinates": [ 13.3240223, 52.527945 ] } },
{ "type": "Feature", "properties": { "osm_id": "8197298955", "code": 5209, "fclass": "street_lamp" }, "geometry": { "type": "Point", "coordinates": [ 13.3182436, 52.5259313 ] } },
{ "type": "Feature", "properties": { "osm_id": "8197648390", "code": 5209, "fclass": "street_lamp" }, "geometry": { "type": "Point", "coordinates": [ 13.3311863, 52.5337072 ] } },
{ "type": "Feature", "properties": { "osm_id": "8197648391", "code": 5209, "fclass": "street_lamp" }, "geometry": { "type": "Point", "coordinates": [ 13.3304629, 52.5334712 ] } },
{ "type": "Feature", "properties": { "osm_id": "8197648392", "code": 5209, "fclass": "street_lamp" }, "geometry": { "type": "Point", "coordinates": [ 13.3301318, 52.5333448 ] } },
{ "type": "Feature", "properties": { "osm_id": "8197648393", "code": 5209, "fclass": "street_lamp" }, "geometry": { "type": "Point", "coordinates": [ 13.3298429, 52.5332217 ] } },
{ "type": "Feature", "properties": { "osm_id": "8197648397", "code": 5209, "fclass": "street_lamp" }, "geometry": { "type": "Point", "coordinates": [ 13.3291367, 52.5330318 ] } },
{ "type": "Feature", "properties": { "osm_id": "8197648398", "code": 5209, "fclass": "street_lamp" }, "geometry": { "type": "Point", "coordinates": [ 13.329373, 52.5328664 ] } },
{ "type": "Feature", "properties": { "osm_id": "8197648399", "code": 5209, "fclass": "street_lamp" }, "geometry": { "type": "Point", "coordinates": [ 13.3294881, 52.5330856 ] } },
{ "type": "Feature", "properties": { "osm_id": "8197648400", "code": 5209, "fclass": "street_lamp" }, "geometry": { "type": "Point", "coordinates": [ 13.3289101, 52.5328613 ] } },
{ "type": "Feature", "properties": { "osm_id": "8197648401", "code": 5209, "fclass": "street_lamp" }, "geometry": { "type": "Point", "coordinates": [ 13.3284105, 52.531749 ] } },
{ "type": "Feature", "properties": { "osm_id": "8197648402", "code": 5209, "fclass": "street_lamp" }, "geometry": { "type": "Point", "coordinates": [ 13.328645, 52.5319929 ] } },
{ "type": "Feature", "properties": { "osm_id": "8197648403", "code": 5209, "fclass": "street_lamp" }, "geometry": { "type": "Point", "coordinates": [ 13.3283878, 52.532265 ] } },
{ "type": "Feature", "properties": { "osm_id": "8197648404", "code": 5209, "fclass": "street_lamp" }, "geometry": { "type": "Point", "coordinates": [ 13.328623, 52.5324948 ] } },
{ "type": "Feature", "properties": { "osm_id": "8197660108", "code": 5209, "fclass": "street_lamp" }, "geometry": { "type": "Point", "coordinates": [ 13.3285652, 52.5349578 ] } },
{ "type": "Feature", "properties": { "osm_id": "8197681069", "code": 5209, "fclass": "street_lamp" }, "geometry": { "type": "Point", "coordinates": [ 13.3273663, 52.5360986 ] } },
{ "type": "Feature", "properties": { "osm_id": "8197681070", "code": 5209, "fclass": "street_lamp" }, "geometry": { "type": "Point", "coordinates": [ 13.3272041, 52.5360389 ] } },
{ "type": "Feature", "properties": { "osm_id": "8197764511", "code": 5209, "fclass": "street_lamp" }, "geometry": { "type": "Point", "coordinates": [ 13.3234875, 52.5365979 ] } },
{ "type": "Feature", "properties": { "osm_id": "8197768739", "code": 5209, "fclass": "street_lamp" }, "geometry": { "type": "Point", "coordinates": [ 13.323053, 52.5365712 ] } },
{ "type": "Feature", "properties": { "osm_id": "8197768762", "code": 5209, "fclass": "street_lamp" }, "geometry": { "type": "Point", "coordinates": [ 13.3133412, 52.533983 ] } },
{ "type": "Feature", "properties": { "osm_id": "8197768763", "code": 5209, "fclass": "street_lamp" }, "geometry": { "type": "Point", "coordinates": [ 13.3129281, 52.5338282 ] } },
{ "type": "Feature", "properties": { "osm_id": "8197768764", "code": 5209, "fclass": "street_lamp" }, "geometry": { "type": "Point", "coordinates": [ 13.3130717, 52.5334415 ] } },
{ "type": "Feature", "properties": { "osm_id": "8197768766", "code": 5209, "fclass": "street_lamp" }, "geometry": { "type": "Point", "coordinates": [ 13.3131915, 52.5331301 ] } },
{ "type": "Feature", "properties": { "osm_id": "8202918299", "code": 5209, "fclass": "street_lamp" }, "geometry": { "type": "Point", "coordinates": [ 13.3133149, 52.5323811 ] } },
{ "type": "Feature", "properties": { "osm_id": "8202918309", "code": 5209, "fclass": "street_lamp" }, "geometry": { "type": "Point", "coordinates": [ 13.314254, 52.5304235 ] } },
{ "type": "Feature", "properties": { "osm_id": "8202950620", "code": 5209, "fclass": "street_lamp" }, "geometry": { "type": "Point", "coordinates": [ 13.3181048, 52.530976 ] } },
{ "type": "Feature", "properties": { "osm_id": "8202950641", "code": 5209, "fclass": "street_lamp" }, "geometry": { "type": "Point", "coordinates": [ 13.3262001, 52.5326284 ] } },
{ "type": "Feature", "properties": { "osm_id": "8202950642", "code": 5209, "fclass": "street_lamp" }, "geometry": { "type": "Point", "coordinates": [ 13.3255188, 52.5325073 ] } },
{ "type": "Feature", "properties": { "osm_id": "8202950643", "code": 5209, "fclass": "street_lamp" }, "geometry": { "type": "Point", "coordinates": [ 13.3243447, 52.5322843 ] } },
{ "type": "Feature", "properties": { "osm_id": "8202950644", "code": 5209, "fclass": "street_lamp" }, "geometry": { "type": "Point", "coordinates": [ 13.3228389, 52.5319991 ] } },
{ "type": "Feature", "properties": { "osm_id": "8202950645", "code": 5209, "fclass": "street_lamp" }, "geometry": { "type": "Point", "coordinates": [ 13.3224546, 52.5319292 ] } },
{ "type": "Feature", "properties": { "osm_id": "8202950646", "code": 5209, "fclass": "street_lamp" }, "geometry": { "type": "Point", "coordinates": [ 13.3205854, 52.5314256 ] } },
{ "type": "Feature", "properties": { "osm_id": "8202950647", "code": 5209, "fclass": "street_lamp" }, "geometry": { "type": "Point", "coordinates": [ 13.3193646, 52.5312061 ] } },
{ "type": "Feature", "properties": { "osm_id": "8202950648", "code": 5209, "fclass": "street_lamp" }, "geometry": { "type": "Point", "coordinates": [ 13.3189968, 52.5312655 ] } },
{ "type": "Feature", "properties": { "osm_id": "8202950649", "code": 5209, "fclass": "street_lamp" }, "geometry": { "type": "Point", "coordinates": [ 13.3182588, 52.5311282 ] } },
{ "type": "Feature", "properties": { "osm_id": "8202950650", "code": 5209, "fclass": "street_lamp" }, "geometry": { "type": "Point", "coordinates": [ 13.3174466, 52.5309787 ] } },
{ "type": "Feature", "properties": { "osm_id": "8202950651", "code": 5209, "fclass": "street_lamp" }, "geometry": { "type": "Point", "coordinates": [ 13.3166005, 52.5308202 ] } },
{ "type": "Feature", "properties": { "osm_id": "8202950652", "code": 5209, "fclass": "street_lamp" }, "geometry": { "type": "Point", "coordinates": [ 13.3153003, 52.5305801 ] } },
{ "type": "Feature", "properties": { "osm_id": "8232343118", "code": 5209, "fclass": "street_lamp" }, "geometry": { "type": "Point", "coordinates": [ 13.3497996, 52.5349756 ] } },
{ "type": "Feature", "properties": { "osm_id": "8232343119", "code": 5209, "fclass": "street_lamp" }, "geometry": { "type": "Point", "coordinates": [ 13.3496873, 52.534749 ] } },
{ "type": "Feature", "properties": { "osm_id": "8232343120", "code": 5209, "fclass": "street_lamp" }, "geometry": { "type": "Point", "coordinates": [ 13.3498262, 52.5343178 ] } },
{ "type": "Feature", "properties": { "osm_id": "8232343121", "code": 5209, "fclass": "street_lamp" }, "geometry": { "type": "Point", "coordinates": [ 13.3499502, 52.534535 ] } },
{ "type": "Feature", "properties": { "osm_id": "8232343122", "code": 5209, "fclass": "street_lamp" }, "geometry": { "type": "Point", "coordinates": [ 13.3499808, 52.5338581 ] } },
{ "type": "Feature", "properties": { "osm_id": "8232343123", "code": 5209, "fclass": "street_lamp" }, "geometry": { "type": "Point", "coordinates": [ 13.3500801, 52.5341188 ] } },
{ "type": "Feature", "properties": { "osm_id": "8232343124", "code": 5209, "fclass": "street_lamp" }, "geometry": { "type": "Point", "coordinates": [ 13.3501115, 52.5334465 ] } },
{ "type": "Feature", "properties": { "osm_id": "8232343126", "code": 5209, "fclass": "street_lamp" }, "geometry": { "type": "Point", "coordinates": [ 13.3503886, 52.5331775 ] } },
{ "type": "Feature", "properties": { "osm_id": "8232343127", "code": 5209, "fclass": "street_lamp" }, "geometry": { "type": "Point", "coordinates": [ 13.3502773, 52.5329263 ] } },
{ "type": "Feature", "properties": { "osm_id": "8232343128", "code": 5209, "fclass": "street_lamp" }, "geometry": { "type": "Point", "coordinates": [ 13.3505163, 52.5327436 ] } },
{ "type": "Feature", "properties": { "osm_id": "8232343141", "code": 5209, "fclass": "street_lamp" }, "geometry": { "type": "Point", "coordinates": [ 13.3508909, 52.5318262 ] } },
{ "type": "Feature", "properties": { "osm_id": "8232343142", "code": 5209, "fclass": "street_lamp" }, "geometry": { "type": "Point", "coordinates": [ 13.3516221, 52.531375 ] } },
{ "type": "Feature", "properties": { "osm_id": "8232343143", "code": 5209, "fclass": "street_lamp" }, "geometry": { "type": "Point", "coordinates": [ 13.3515452, 52.5311192 ] } },
{ "type": "Feature", "properties": { "osm_id": "8232343144", "code": 5209, "fclass": "street_lamp" }, "geometry": { "type": "Point", "coordinates": [ 13.352248, 52.5306581 ] } },
{ "type": "Feature", "properties": { "osm_id": "8232343145", "code": 5209, "fclass": "street_lamp" }, "geometry": { "type": "Point", "coordinates": [ 13.3522495, 52.5303691 ] } },
{ "type": "Feature", "properties": { "osm_id": "8232343146", "code": 5209, "fclass": "street_lamp" }, "geometry": { "type": "Point", "coordinates": [ 13.3526394, 52.5301915 ] } },
{ "type": "Feature", "properties": { "osm_id": "8232343147", "code": 5209, "fclass": "street_lamp" }, "geometry": { "type": "Point", "coordinates": [ 13.3526087, 52.5299138 ] } },
{ "type": "Feature", "properties": { "osm_id": "8232343156", "code": 5209, "fclass": "street_lamp" }, "geometry": { "type": "Point", "coordinates": [ 13.3537365, 52.5288856 ] } },
{ "type": "Feature", "properties": { "osm_id": "8232343157", "code": 5209, "fclass": "street_lamp" }, "geometry": { "type": "Point", "coordinates": [ 13.3537328, 52.5285767 ] } },
{ "type": "Feature", "properties": { "osm_id": "8232343183", "code": 5209, "fclass": "street_lamp" }, "geometry": { "type": "Point", "coordinates": [ 13.3568327, 52.523062 ] } },
{ "type": "Feature", "properties": { "osm_id": "8232343184", "code": 5209, "fclass": "street_lamp" }, "geometry": { "type": "Point", "coordinates": [ 13.3566034, 52.5225799 ] } },
{ "type": "Feature", "properties": { "osm_id": "8232343185", "code": 5209, "fclass": "street_lamp" }, "geometry": { "type": "Point", "coordinates": [ 13.3564906, 52.5228462 ] } },
{ "type": "Feature", "properties": { "osm_id": "8232343186", "code": 5209, "fclass": "street_lamp" }, "geometry": { "type": "Point", "coordinates": [ 13.356413, 52.5220518 ] } },
{ "type": "Feature", "properties": { "osm_id": "8232343187", "code": 5209, "fclass": "street_lamp" }, "geometry": { "type": "Point", "coordinates": [ 13.3561433, 52.5218314 ] } },
{ "type": "Feature", "properties": { "osm_id": "8232343188", "code": 5209, "fclass": "street_lamp" }, "geometry": { "type": "Point", "coordinates": [ 13.3559671, 52.5212984 ] } },
{ "type": "Feature", "properties": { "osm_id": "8232343189", "code": 5209, "fclass": "street_lamp" }, "geometry": { "type": "Point", "coordinates": [ 13.3557266, 52.5207866 ] } },
{ "type": "Feature", "properties": { "osm_id": "8232343190", "code": 5209, "fclass": "street_lamp" }, "geometry": { "type": "Point", "coordinates": [ 13.3558984, 52.5204449 ] } },
{ "type": "Feature", "properties": { "osm_id": "8232343192", "code": 5209, "fclass": "street_lamp" }, "geometry": { "type": "Point", "coordinates": [ 13.3555093, 52.5192988 ] } },
{ "type": "Feature", "properties": { "osm_id": "8232343193", "code": 5209, "fclass": "street_lamp" }, "geometry": { "type": "Point", "coordinates": [ 13.3551888, 52.5190883 ] } },
{ "type": "Feature", "properties": { "osm_id": "8878673146", "code": 5209, "fclass": "street_lamp" }, "geometry": { "type": "Point", "coordinates": [ 13.3292394, 52.5384571 ] } },
{ "type": "Feature", "properties": { "osm_id": "8878673147", "code": 5209, "fclass": "street_lamp" }, "geometry": { "type": "Point", "coordinates": [ 13.3296045, 52.5385864 ] } },
{ "type": "Feature", "properties": { "osm_id": "8878673148", "code": 5209, "fclass": "street_lamp" }, "geometry": { "type": "Point", "coordinates": [ 13.3302815, 52.5389314 ] } },
{ "type": "Feature", "properties": { "osm_id": "8878673149", "code": 5209, "fclass": "street_lamp" }, "geometry": { "type": "Point", "coordinates": [ 13.3299346, 52.5387508 ] } },
{ "type": "Feature", "properties": { "osm_id": "8878673151", "code": 5209, "fclass": "street_lamp" }, "geometry": { "type": "Point", "coordinates": [ 13.3305949, 52.5390827 ] } },
{ "type": "Feature", "properties": { "osm_id": "8878673152", "code": 5209, "fclass": "street_lamp" }, "geometry": { "type": "Point", "coordinates": [ 13.3312195, 52.5394083 ] } },
{ "type": "Feature", "properties": { "osm_id": "8878673153", "code": 5209, "fclass": "street_lamp" }, "geometry": { "type": "Point", "coordinates": [ 13.3309009, 52.5392487 ] } },
{ "type": "Feature", "properties": { "osm_id": "8878673156", "code": 5209, "fclass": "street_lamp" }, "geometry": { "type": "Point", "coordinates": [ 13.331523, 52.5395732 ] } },
{ "type": "Feature", "properties": { "osm_id": "8878673157", "code": 5209, "fclass": "street_lamp" }, "geometry": { "type": "Point", "coordinates": [ 13.3318404, 52.5397346 ] } },
{ "type": "Feature", "properties": { "osm_id": "8878673158", "code": 5209, "fclass": "street_lamp" }, "geometry": { "type": "Point", "coordinates": [ 13.3321615, 52.5399045 ] } },
{ "type": "Feature", "properties": { "osm_id": "8878673160", "code": 5209, "fclass": "street_lamp" }, "geometry": { "type": "Point", "coordinates": [ 13.3324745, 52.5400684 ] } },
{ "type": "Feature", "properties": { "osm_id": "8878673161", "code": 5209, "fclass": "street_lamp" }, "geometry": { "type": "Point", "coordinates": [ 13.3327376, 52.5402125 ] } },
{ "type": "Feature", "properties": { "osm_id": "8878673162", "code": 5209, "fclass": "street_lamp" }, "geometry": { "type": "Point", "coordinates": [ 13.333053, 52.5403729 ] } },
{ "type": "Feature", "properties": { "osm_id": "8878673163", "code": 5209, "fclass": "street_lamp" }, "geometry": { "type": "Point", "coordinates": [ 13.3335055, 52.5406187 ] } },
{ "type": "Feature", "properties": { "osm_id": "8878673164", "code": 5209, "fclass": "street_lamp" }, "geometry": { "type": "Point", "coordinates": [ 13.3338948, 52.540812 ] } },
{ "type": "Feature", "properties": { "osm_id": "8878673165", "code": 5209, "fclass": "street_lamp" }, "geometry": { "type": "Point", "coordinates": [ 13.3341711, 52.5409578 ] } },
{ "type": "Feature", "properties": { "osm_id": "9240304953", "code": 5209, "fclass": "street_lamp" }, "geometry": { "type": "Point", "coordinates": [ 13.3658706, 52.5331391 ] } },
{ "type": "Feature", "properties": { "osm_id": "9269713745", "code": 5209, "fclass": "street_lamp" }, "geometry": { "type": "Point", "coordinates": [ 13.3671309, 52.5238115 ] } },
{ "type": "Feature", "properties": { "osm_id": "9269713746", "code": 5209, "fclass": "street_lamp" }, "geometry": { "type": "Point", "coordinates": [ 13.3673192, 52.5238164 ] } },
{ "type": "Feature", "properties": { "osm_id": "9347359003", "code": 5209, "fclass": "street_lamp" }, "geometry": { "type": "Point", "coordinates": [ 13.3276381, 52.5309964 ] } },
{ "type": "Feature", "properties": { "osm_id": "9347359004", "code": 5209, "fclass": "street_lamp" }, "geometry": { "type": "Point", "coordinates": [ 13.3271967, 52.5309566 ] } },
{ "type": "Feature", "properties": { "osm_id": "9347359007", "code": 5209, "fclass": "street_lamp" }, "geometry": { "type": "Point", "coordinates": [ 13.3267885, 52.530039 ] } },
{ "type": "Feature", "properties": { "osm_id": "9347359008", "code": 5209, "fclass": "street_lamp" }, "geometry": { "type": "Point", "coordinates": [ 13.326469, 52.5309032 ] } },
{ "type": "Feature", "properties": { "osm_id": "9347359009", "code": 5209, "fclass": "street_lamp" }, "geometry": { "type": "Point", "coordinates": [ 13.3280352, 52.5310333 ] } },
{ "type": "Feature", "properties": { "osm_id": "9347359011", "code": 5209, "fclass": "street_lamp" }, "geometry": { "type": "Point", "coordinates": [ 13.3281037, 52.5311525 ] } },
{ "type": "Feature", "properties": { "osm_id": "9347359012", "code": 5209, "fclass": "street_lamp" }, "geometry": { "type": "Point", "coordinates": [ 13.3271689, 52.5310645 ] } },
{ "type": "Feature", "properties": { "osm_id": "9347359014", "code": 5209, "fclass": "street_lamp" }, "geometry": { "type": "Point", "coordinates": [ 13.3268614, 52.5277371 ] } },
{ "type": "Feature", "properties": { "osm_id": "9347359015", "code": 5209, "fclass": "street_lamp" }, "geometry": { "type": "Point", "coordinates": [ 13.3266279, 52.5293444 ] } },
{ "type": "Feature", "properties": { "osm_id": "9347359016", "code": 5209, "fclass": "street_lamp" }, "geometry": { "type": "Point", "coordinates": [ 13.3266571, 52.5284426 ] } },
{ "type": "Feature", "properties": { "osm_id": "9347359217", "code": 5209, "fclass": "street_lamp" }, "geometry": { "type": "Point", "coordinates": [ 13.3267605, 52.5304511 ] } },
{ "type": "Feature", "properties": { "osm_id": "9347359218", "code": 5209, "fclass": "street_lamp" }, "geometry": { "type": "Point", "coordinates": [ 13.3265708, 52.5307121 ] } },
{ "type": "Feature", "properties": { "osm_id": "9347359219", "code": 5209, "fclass": "street_lamp" }, "geometry": { "type": "Point", "coordinates": [ 13.3268339, 52.5286581 ] } },
{ "type": "Feature", "properties": { "osm_id": "9347359222", "code": 5209, "fclass": "street_lamp" }, "geometry": { "type": "Point", "coordinates": [ 13.3268396, 52.5281494 ] } },
{ "type": "Feature", "properties": { "osm_id": "9347359226", "code": 5209, "fclass": "street_lamp" }, "geometry": { "type": "Point", "coordinates": [ 13.3267514, 52.5308975 ] } },
{ "type": "Feature", "properties": { "osm_id": "9347359233", "code": 5209, "fclass": "street_lamp" }, "geometry": { "type": "Point", "coordinates": [ 13.3268028, 52.5295776 ] } },
{ "type": "Feature", "properties": { "osm_id": "9347359234", "code": 5209, "fclass": "street_lamp" }, "geometry": { "type": "Point", "coordinates": [ 13.326636, 52.5289264 ] } },
{ "type": "Feature", "properties": { "osm_id": "9347359241", "code": 5209, "fclass": "street_lamp" }, "geometry": { "type": "Point", "coordinates": [ 13.3265908, 52.5302322 ] } },
{ "type": "Feature", "properties": { "osm_id": "9347359243", "code": 5209, "fclass": "street_lamp" }, "geometry": { "type": "Point", "coordinates": [ 13.3266788, 52.5279723 ] } },
{ "type": "Feature", "properties": { "osm_id": "9347359244", "code": 5209, "fclass": "street_lamp" }, "geometry": { "type": "Point", "coordinates": [ 13.3275819, 52.5311028 ] } },
{ "type": "Feature", "properties": { "osm_id": "9347359246", "code": 5209, "fclass": "street_lamp" }, "geometry": { "type": "Point", "coordinates": [ 13.3279566, 52.5275477 ] } },
{ "type": "Feature", "properties": { "osm_id": "9347359248", "code": 5209, "fclass": "street_lamp" }, "geometry": { "type": "Point", "coordinates": [ 13.3268174, 52.5291455 ] } },
{ "type": "Feature", "properties": { "osm_id": "9347359249", "code": 5209, "fclass": "street_lamp" }, "geometry": { "type": "Point", "coordinates": [ 13.3266, 52.5297963 ] } },
{ "type": "Feature", "properties": { "osm_id": "9558824231", "code": 5209, "fclass": "street_lamp" }, "geometry": { "type": "Point", "coordinates": [ 13.3716524, 52.5270383 ] } },
{ "type": "Feature", "properties": { "osm_id": "9558824232", "code": 5209, "fclass": "street_lamp" }, "geometry": { "type": "Point", "coordinates": [ 13.3712516, 52.5269125 ] } },
{ "type": "Feature", "properties": { "osm_id": "9558824233", "code": 5209, "fclass": "street_lamp" }, "geometry": { "type": "Point", "coordinates": [ 13.3709745, 52.526815 ] } },
{ "type": "Feature", "properties": { "osm_id": "9569622992", "code": 5209, "fclass": "street_lamp" }, "geometry": { "type": "Point", "coordinates": [ 13.3565826, 52.5357056 ] } },
{ "type": "Feature", "properties": { "osm_id": "9569622993", "code": 5209, "fclass": "street_lamp" }, "geometry": { "type": "Point", "coordinates": [ 13.3559933, 52.5353383 ] } },
{ "type": "Feature", "properties": { "osm_id": "9569622997", "code": 5209, "fclass": "street_lamp" }, "geometry": { "type": "Point", "coordinates": [ 13.3559143, 52.5350928 ] } },
{ "type": "Feature", "properties": { "osm_id": "9569622998", "code": 5209, "fclass": "street_lamp" }, "geometry": { "type": "Point", "coordinates": [ 13.3543347, 52.5345241 ] } },
{ "type": "Feature", "properties": { "osm_id": "9569623000", "code": 5209, "fclass": "street_lamp" }, "geometry": { "type": "Point", "coordinates": [ 13.3545432, 52.534607 ] } },
{ "type": "Feature", "properties": { "osm_id": "9569623007", "code": 5209, "fclass": "street_lamp" }, "geometry": { "type": "Point", "coordinates": [ 13.3526638, 52.5336562 ] } },
{ "type": "Feature", "properties": { "osm_id": "9569623008", "code": 5209, "fclass": "street_lamp" }, "geometry": { "type": "Point", "coordinates": [ 13.3526523, 52.5334444 ] } },
{ "type": "Feature", "properties": { "osm_id": "9569623009", "code": 5209, "fclass": "street_lamp" }, "geometry": { "type": "Point", "coordinates": [ 13.3522229, 52.5334397 ] } },
{ "type": "Feature", "properties": { "osm_id": "9569623010", "code": 5209, "fclass": "street_lamp" }, "geometry": { "type": "Point", "coordinates": [ 13.3521594, 52.5331943 ] } },
{ "type": "Feature", "properties": { "osm_id": "9569623011", "code": 5209, "fclass": "street_lamp" }, "geometry": { "type": "Point", "coordinates": [ 13.3517904, 52.5332311 ] } },
{ "type": "Feature", "properties": { "osm_id": "9569623012", "code": 5209, "fclass": "street_lamp" }, "geometry": { "type": "Point", "coordinates": [ 13.3517728, 52.5329918 ] } },
{ "type": "Feature", "properties": { "osm_id": "9569623013", "code": 5209, "fclass": "street_lamp" }, "geometry": { "type": "Point", "coordinates": [ 13.3514146, 52.532807 ] } },
{ "type": "Feature", "properties": { "osm_id": "9569623014", "code": 5209, "fclass": "street_lamp" }, "geometry": { "type": "Point", "coordinates": [ 13.3509868, 52.5325965 ] } },
{ "type": "Feature", "properties": { "osm_id": "9569623015", "code": 5209, "fclass": "street_lamp" }, "geometry": { "type": "Point", "coordinates": [ 13.3504221, 52.5325851 ] } },
{ "type": "Feature", "properties": { "osm_id": "9569647620", "code": 5209, "fclass": "street_lamp" }, "geometry": { "type": "Point", "coordinates": [ 13.3501679, 52.5321795 ] } },
{ "type": "Feature", "properties": { "osm_id": "9569647621", "code": 5209, "fclass": "street_lamp" }, "geometry": { "type": "Point", "coordinates": [ 13.3496899, 52.5319382 ] } },
{ "type": "Feature", "properties": { "osm_id": "9569647622", "code": 5209, "fclass": "street_lamp" }, "geometry": { "type": "Point", "coordinates": [ 13.3492562, 52.5317345 ] } },
{ "type": "Feature", "properties": { "osm_id": "9569647623", "code": 5209, "fclass": "street_lamp" }, "geometry": { "type": "Point", "coordinates": [ 13.3484551, 52.5313332 ] } },
{ "type": "Feature", "properties": { "osm_id": "9569647624", "code": 5209, "fclass": "street_lamp" }, "geometry": { "type": "Point", "coordinates": [ 13.3479858, 52.5310921 ] } },
{ "type": "Feature", "properties": { "osm_id": "9569647625", "code": 5209, "fclass": "street_lamp" }, "geometry": { "type": "Point", "coordinates": [ 13.3480156, 52.531308 ] } },
{ "type": "Feature", "properties": { "osm_id": "9569647626", "code": 5209, "fclass": "street_lamp" }, "geometry": { "type": "Point", "coordinates": [ 13.3471774, 52.5308914 ] } },
{ "type": "Feature", "properties": { "osm_id": "9569647628", "code": 5209, "fclass": "street_lamp" }, "geometry": { "type": "Point", "coordinates": [ 13.3475845, 52.5307419 ] } },
{ "type": "Feature", "properties": { "osm_id": "9569647629", "code": 5209, "fclass": "street_lamp" }, "geometry": { "type": "Point", "coordinates": [ 13.3462726, 52.5304342 ] } },
{ "type": "Feature", "properties": { "osm_id": "9569647630", "code": 5209, "fclass": "street_lamp" }, "geometry": { "type": "Point", "coordinates": [ 13.3461904, 52.5301998 ] } },
{ "type": "Feature", "properties": { "osm_id": "9569647634", "code": 5209, "fclass": "street_lamp" }, "geometry": { "type": "Point", "coordinates": [ 13.3457703, 52.5301867 ] } },
{ "type": "Feature", "properties": { "osm_id": "9569647635", "code": 5209, "fclass": "street_lamp" }, "geometry": { "type": "Point", "coordinates": [ 13.3452372, 52.5299169 ] } },
{ "type": "Feature", "properties": { "osm_id": "9569647638", "code": 5209, "fclass": "street_lamp" }, "geometry": { "type": "Point", "coordinates": [ 13.3451516, 52.5296684 ] } },
{ "type": "Feature", "properties": { "osm_id": "9569647639", "code": 5209, "fclass": "street_lamp" }, "geometry": { "type": "Point", "coordinates": [ 13.3447605, 52.5296729 ] } },
{ "type": "Feature", "properties": { "osm_id": "9569647640", "code": 5209, "fclass": "street_lamp" }, "geometry": { "type": "Point", "coordinates": [ 13.3446742, 52.5294269 ] } },
{ "type": "Feature", "properties": { "osm_id": "9569647641", "code": 5209, "fclass": "street_lamp" }, "geometry": { "type": "Point", "coordinates": [ 13.3443221, 52.5294517 ] } },
{ "type": "Feature", "properties": { "osm_id": "9569647642", "code": 5209, "fclass": "street_lamp" }, "geometry": { "type": "Point", "coordinates": [ 13.3442183, 52.5291956 ] } },
{ "type": "Feature", "properties": { "osm_id": "9569647643", "code": 5209, "fclass": "street_lamp" }, "geometry": { "type": "Point", "coordinates": [ 13.3438604, 52.5292188 ] } },
{ "type": "Feature", "properties": { "osm_id": "9694878822", "code": 5209, "fclass": "street_lamp" }, "geometry": { "type": "Point", "coordinates": [ 13.3730401, 52.5274642 ] } },
{ "type": "Feature", "properties": { "osm_id": "9694878823", "code": 5209, "fclass": "street_lamp" }, "geometry": { "type": "Point", "coordinates": [ 13.3727809, 52.5273844 ] } },
{ "type": "Feature", "properties": { "osm_id": "9694878824", "code": 5209, "fclass": "street_lamp" }, "geometry": { "type": "Point", "coordinates": [ 13.3724202, 52.5272725 ] } },
{ "type": "Feature", "properties": { "osm_id": "9694878825", "code": 5209, "fclass": "street_lamp" }, "geometry": { "type": "Point", "coordinates": [ 13.3720238, 52.5271494 ] } },
{ "type": "Feature", "properties": { "osm_id": "9694878826", "code": 5209, "fclass": "street_lamp" }, "geometry": { "type": "Point", "coordinates": [ 13.373464, 52.5275965 ] } },
{ "type": "Feature", "properties": { "osm_id": "9694878827", "code": 5209, "fclass": "street_lamp" }, "geometry": { "type": "Point", "coordinates": [ 13.3737619, 52.527696 ] } },
{ "type": "Feature", "properties": { "osm_id": "9802391110", "code": 5209, "fclass": "street_lamp" }, "geometry": { "type": "Point", "coordinates": [ 13.3496479, 52.5213477 ] } },
{ "type": "Feature", "properties": { "osm_id": "9802391111", "code": 5209, "fclass": "street_lamp" }, "geometry": { "type": "Point", "coordinates": [ 13.3498599, 52.5211719 ] } },
{ "type": "Feature", "properties": { "osm_id": "9802391112", "code": 5209, "fclass": "street_lamp" }, "geometry": { "type": "Point", "coordinates": [ 13.352895, 52.5196558 ] } },
{ "type": "Feature", "properties": { "osm_id": "9802391113", "code": 5209, "fclass": "street_lamp" }, "geometry": { "type": "Point", "coordinates": [ 13.3514788, 52.5197668 ] } },
{ "type": "Feature", "properties": { "osm_id": "9802391114", "code": 5209, "fclass": "street_lamp" }, "geometry": { "type": "Point", "coordinates": [ 13.349521, 52.521465 ] } },
{ "type": "Feature", "properties": { "osm_id": "9802391115", "code": 5209, "fclass": "street_lamp" }, "geometry": { "type": "Point", "coordinates": [ 13.3487694, 52.5219868 ] } },
{ "type": "Feature", "properties": { "osm_id": "9802391116", "code": 5209, "fclass": "street_lamp" }, "geometry": { "type": "Point", "coordinates": [ 13.3522587, 52.5197011 ] } },
{ "type": "Feature", "properties": { "osm_id": "9802392120", "code": 5209, "fclass": "street_lamp" }, "geometry": { "type": "Point", "coordinates": [ 13.3480826, 52.5222545 ] } },
{ "type": "Feature", "properties": { "osm_id": "9802392121", "code": 5209, "fclass": "street_lamp" }, "geometry": { "type": "Point", "coordinates": [ 13.3478159, 52.5223807 ] } },
{ "type": "Feature", "properties": { "osm_id": "9802392122", "code": 5209, "fclass": "street_lamp" }, "geometry": { "type": "Point", "coordinates": [ 13.3482983, 52.5222232 ] } },
{ "type": "Feature", "properties": { "osm_id": "9802435617", "code": 5209, "fclass": "street_lamp" }, "geometry": { "type": "Point", "coordinates": [ 13.3534542, 52.5196089 ] } },
{ "type": "Feature", "properties": { "osm_id": "9802435618", "code": 5209, "fclass": "street_lamp" }, "geometry": { "type": "Point", "coordinates": [ 13.3540688, 52.5195708 ] } },
{ "type": "Feature", "properties": { "osm_id": "9802435619", "code": 5209, "fclass": "street_lamp" }, "geometry": { "type": "Point", "coordinates": [ 13.3506957, 52.5204956 ] } },
{ "type": "Feature", "properties": { "osm_id": "9802435620", "code": 5209, "fclass": "street_lamp" }, "geometry": { "type": "Point", "coordinates": [ 13.3518671, 52.5197344 ] } },
{ "type": "Feature", "properties": { "osm_id": "9802435621", "code": 5209, "fclass": "street_lamp" }, "geometry": { "type": "Point", "coordinates": [ 13.3492241, 52.5217067 ] } },
{ "type": "Feature", "properties": { "osm_id": "9802435622", "code": 5209, "fclass": "street_lamp" }, "geometry": { "type": "Point", "coordinates": [ 13.3512635, 52.5200913 ] } },
{ "type": "Feature", "properties": { "osm_id": "9802435623", "code": 5209, "fclass": "street_lamp" }, "geometry": { "type": "Point", "coordinates": [ 13.3508792, 52.5203809 ] } },
{ "type": "Feature", "properties": { "osm_id": "9802435624", "code": 5209, "fclass": "street_lamp" }, "geometry": { "type": "Point", "coordinates": [ 13.3489781, 52.5218524 ] } },
{ "type": "Feature", "properties": { "osm_id": "9802435625", "code": 5209, "fclass": "street_lamp" }, "geometry": { "type": "Point", "coordinates": [ 13.3547912, 52.5195874 ] } },
{ "type": "Feature", "properties": { "osm_id": "9802435626", "code": 5209, "fclass": "street_lamp" }, "geometry": { "type": "Point", "coordinates": [ 13.3510954, 52.5202264 ] } },
{ "type": "Feature", "properties": { "osm_id": "9802435627", "code": 5209, "fclass": "street_lamp" }, "geometry": { "type": "Point", "coordinates": [ 13.3515382, 52.5198669 ] } },
{ "type": "Feature", "properties": { "osm_id": "9802435628", "code": 5209, "fclass": "street_lamp" }, "geometry": { "type": "Point", "coordinates": [ 13.3513392, 52.5200276 ] } },
{ "type": "Feature", "properties": { "osm_id": "9802435629", "code": 5209, "fclass": "street_lamp" }, "geometry": { "type": "Point", "coordinates": [ 13.3493618, 52.5215955 ] } },
{ "type": "Feature", "properties": { "osm_id": "9802435630", "code": 5209, "fclass": "street_lamp" }, "geometry": { "type": "Point", "coordinates": [ 13.3501748, 52.5209094 ] } },
{ "type": "Feature", "properties": { "osm_id": "9802435631", "code": 5209, "fclass": "street_lamp" }, "geometry": { "type": "Point", "coordinates": [ 13.3504257, 52.5207103 ] } },
{ "type": "Feature", "properties": { "osm_id": "9802450920", "code": 5209, "fclass": "street_lamp" }, "geometry": { "type": "Point", "coordinates": [ 13.3555703, 52.5194918 ] } },
{ "type": "Feature", "properties": { "osm_id": "9802450921", "code": 5209, "fclass": "street_lamp" }, "geometry": { "type": "Point", "coordinates": [ 13.3562, 52.5194452 ] } },
{ "type": "Feature", "properties": { "osm_id": "9802450922", "code": 5209, "fclass": "street_lamp" }, "geometry": { "type": "Point", "coordinates": [ 13.355616, 52.5196168 ] } },
{ "type": "Feature", "properties": { "osm_id": "9802450923", "code": 5209, "fclass": "street_lamp" }, "geometry": { "type": "Point", "coordinates": [ 13.3557349, 52.5193837 ] } },
{ "type": "Feature", "properties": { "osm_id": "9802450924", "code": 5209, "fclass": "street_lamp" }, "geometry": { "type": "Point", "coordinates": [ 13.3589029, 52.5203166 ] } },
{ "type": "Feature", "properties": { "osm_id": "9802450925", "code": 5209, "fclass": "street_lamp" }, "geometry": { "type": "Point", "coordinates": [ 13.3583426, 52.5200506 ] } },
{ "type": "Feature", "properties": { "osm_id": "9802450926", "code": 5209, "fclass": "street_lamp" }, "geometry": { "type": "Point", "coordinates": [ 13.3574185, 52.5197187 ] } },
{ "type": "Feature", "properties": { "osm_id": "9802450927", "code": 5209, "fclass": "street_lamp" }, "geometry": { "type": "Point", "coordinates": [ 13.3580587, 52.5199324 ] } },
{ "type": "Feature", "properties": { "osm_id": "9802450928", "code": 5209, "fclass": "street_lamp" }, "geometry": { "type": "Point", "coordinates": [ 13.356249, 52.5195374 ] } },
{ "type": "Feature", "properties": { "osm_id": "9802450929", "code": 5209, "fclass": "street_lamp" }, "geometry": { "type": "Point", "coordinates": [ 13.3577462, 52.5198225 ] } },
{ "type": "Feature", "properties": { "osm_id": "9802450930", "code": 5209, "fclass": "street_lamp" }, "geometry": { "type": "Point", "coordinates": [ 13.3586448, 52.5201852 ] } },
{ "type": "Feature", "properties": { "osm_id": "9802450931", "code": 5209, "fclass": "street_lamp" }, "geometry": { "type": "Point", "coordinates": [ 13.356884, 52.5196656 ] } },
{ "type": "Feature", "properties": { "osm_id": "9802450932", "code": 5209, "fclass": "street_lamp" }, "geometry": { "type": "Point", "coordinates": [ 13.3570333, 52.5196967 ] } },
{ "type": "Feature", "properties": { "osm_id": "9898120669", "code": 5209, "fclass": "street_lamp" }, "geometry": { "type": "Point", "coordinates": [ 13.3336179, 52.5410761 ] } },
{ "type": "Feature", "properties": { "osm_id": "9898120670", "code": 5209, "fclass": "street_lamp" }, "geometry": { "type": "Point", "coordinates": [ 13.3332635, 52.5408897 ] } },
{ "type": "Feature", "properties": { "osm_id": "9900196862", "code": 5209, "fclass": "street_lamp" }, "geometry": { "type": "Point", "coordinates": [ 13.3447044, 52.5384092 ] } },
{ "type": "Feature", "properties": { "osm_id": "9900514828", "code": 5209, "fclass": "street_lamp" }, "geometry": { "type": "Point", "coordinates": [ 13.3604977, 52.5380336 ] } },
{ "type": "Feature", "properties": { "osm_id": "9900514829", "code": 5209, "fclass": "street_lamp" }, "geometry": { "type": "Point", "coordinates": [ 13.360092, 52.5381375 ] } },
{ "type": "Feature", "properties": { "osm_id": "9900514830", "code": 5209, "fclass": "street_lamp" }, "geometry": { "type": "Point", "coordinates": [ 13.3596886, 52.5382468 ] } },
{ "type": "Feature", "properties": { "osm_id": "10024975653", "code": 5209, "fclass": "street_lamp" }, "geometry": { "type": "Point", "coordinates": [ 13.341757, 52.5232762 ] } },
{ "type": "Feature", "properties": { "osm_id": "10024975656", "code": 5209, "fclass": "street_lamp" }, "geometry": { "type": "Point", "coordinates": [ 13.3414542, 52.5230741 ] } },
{ "type": "Feature", "properties": { "osm_id": "10024975662", "code": 5209, "fclass": "street_lamp" }, "geometry": { "type": "Point", "coordinates": [ 13.3405461, 52.5228949 ] } },
{ "type": "Feature", "properties": { "osm_id": "10039793751", "code": 5209, "fclass": "street_lamp" }, "geometry": { "type": "Point", "coordinates": [ 13.3681437, 52.524254 ] } },
{ "type": "Feature", "properties": { "osm_id": "10062698518", "code": 5209, "fclass": "street_lamp" }, "geometry": { "type": "Point", "coordinates": [ 13.3384476, 52.5207131 ] } },
{ "type": "Feature", "properties": { "osm_id": "10062698521", "code": 5209, "fclass": "street_lamp" }, "geometry": { "type": "Point", "coordinates": [ 13.3380476, 52.5199284 ] } },
{ "type": "Feature", "properties": { "osm_id": "10062698522", "code": 5209, "fclass": "street_lamp" }, "geometry": { "type": "Point", "coordinates": [ 13.3378155, 52.5199605 ] } },
{ "type": "Feature", "properties": { "osm_id": "10062698523", "code": 5209, "fclass": "street_lamp" }, "geometry": { "type": "Point", "coordinates": [ 13.3387358, 52.5210966 ] } },
{ "type": "Feature", "properties": { "osm_id": "10062698524", "code": 5209, "fclass": "street_lamp" }, "geometry": { "type": "Point", "coordinates": [ 13.3386829, 52.5208175 ] } },
{ "type": "Feature", "properties": { "osm_id": "10062698540", "code": 5209, "fclass": "street_lamp" }, "geometry": { "type": "Point", "coordinates": [ 13.3387578, 52.5209733 ] } },
{ "type": "Feature", "properties": { "osm_id": "10062698544", "code": 5209, "fclass": "street_lamp" }, "geometry": { "type": "Point", "coordinates": [ 13.3378078, 52.5201309 ] } },
{ "type": "Feature", "properties": { "osm_id": "10062698550", "code": 5209, "fclass": "street_lamp" }, "geometry": { "type": "Point", "coordinates": [ 13.3388745, 52.5212475 ] } },
{ "type": "Feature", "properties": { "osm_id": "10062698551", "code": 5209, "fclass": "street_lamp" }, "geometry": { "type": "Point", "coordinates": [ 13.3382208, 52.520113 ] } },
{ "type": "Feature", "properties": { "osm_id": "10062698558", "code": 5209, "fclass": "street_lamp" }, "geometry": { "type": "Point", "coordinates": [ 13.3381398, 52.5205166 ] } },
{ "type": "Feature", "properties": { "osm_id": "10062698561", "code": 5209, "fclass": "street_lamp" }, "geometry": { "type": "Point", "coordinates": [ 13.3383468, 52.5202756 ] } },
{ "type": "Feature", "properties": { "osm_id": "10062698562", "code": 5209, "fclass": "street_lamp" }, "geometry": { "type": "Point", "coordinates": [ 13.3384715, 52.5210913 ] } },
{ "type": "Feature", "properties": { "osm_id": "10062698565", "code": 5209, "fclass": "street_lamp" }, "geometry": { "type": "Point", "coordinates": [ 13.3384699, 52.5204655 ] } },
{ "type": "Feature", "properties": { "osm_id": "10062698568", "code": 5209, "fclass": "street_lamp" }, "geometry": { "type": "Point", "coordinates": [ 13.3385886, 52.5206581 ] } },
{ "type": "Feature", "properties": { "osm_id": "10062698570", "code": 5209, "fclass": "street_lamp" }, "geometry": { "type": "Point", "coordinates": [ 13.3381211, 52.5202607 ] } },
{ "type": "Feature", "properties": { "osm_id": "10062698571", "code": 5209, "fclass": "street_lamp" }, "geometry": { "type": "Point", "coordinates": [ 13.3383814, 52.5209884 ] } },
{ "type": "Feature", "properties": { "osm_id": "10062698574", "code": 5209, "fclass": "street_lamp" }, "geometry": { "type": "Point", "coordinates": [ 13.3385758, 52.5210524 ] } },
{ "type": "Feature", "properties": { "osm_id": "10062698578", "code": 5209, "fclass": "street_lamp" }, "geometry": { "type": "Point", "coordinates": [ 13.3383305, 52.5205234 ] } },
{ "type": "Feature", "properties": { "osm_id": "10078344448", "code": 5209, "fclass": "street_lamp" }, "geometry": { "type": "Point", "coordinates": [ 13.3661164, 52.5229099 ] } },
{ "type": "Feature", "properties": { "osm_id": "10078344449", "code": 5209, "fclass": "street_lamp" }, "geometry": { "type": "Point", "coordinates": [ 13.3662758, 52.5229663 ] } },
{ "type": "Feature", "properties": { "osm_id": "10078344450", "code": 5209, "fclass": "street_lamp" }, "geometry": { "type": "Point", "coordinates": [ 13.3662779, 52.5228347 ] } },
{ "type": "Feature", "properties": { "osm_id": "10078344451", "code": 5209, "fclass": "street_lamp" }, "geometry": { "type": "Point", "coordinates": [ 13.3661164, 52.5227735 ] } },
{ "type": "Feature", "properties": { "osm_id": "10078344452", "code": 5209, "fclass": "street_lamp" }, "geometry": { "type": "Point", "coordinates": [ 13.3661164, 52.5230403 ] } },
{ "type": "Feature", "properties": { "osm_id": "10078344453", "code": 5209, "fclass": "street_lamp" }, "geometry": { "type": "Point", "coordinates": [ 13.3661164, 52.5231742 ] } },
{ "type": "Feature", "properties": { "osm_id": "10078344454", "code": 5209, "fclass": "street_lamp" }, "geometry": { "type": "Point", "coordinates": [ 13.3662781, 52.5231029 ] } },
{ "type": "Feature", "properties": { "osm_id": "10084872846", "code": 5209, "fclass": "street_lamp" }, "geometry": { "type": "Point", "coordinates": [ 13.3397356, 52.5240344 ] } },
{ "type": "Feature", "properties": { "osm_id": "10084872847", "code": 5209, "fclass": "street_lamp" }, "geometry": { "type": "Point", "coordinates": [ 13.3397524, 52.5239292 ] } },
{ "type": "Feature", "properties": { "osm_id": "10084872848", "code": 5209, "fclass": "street_lamp" }, "geometry": { "type": "Point", "coordinates": [ 13.3395318, 52.5240002 ] } },
{ "type": "Feature", "properties": { "osm_id": "10084872849", "code": 5209, "fclass": "street_lamp" }, "geometry": { "type": "Point", "coordinates": [ 13.3395525, 52.5238966 ] } },
{ "type": "Feature", "properties": { "osm_id": "10084872850", "code": 5209, "fclass": "street_lamp" }, "geometry": { "type": "Point", "coordinates": [ 13.3403583, 52.5241294 ] } },
{ "type": "Feature", "properties": { "osm_id": "10093562610", "code": 5209, "fclass": "street_lamp" }, "geometry": { "type": "Point", "coordinates": [ 13.3360307, 52.5220328 ] } },
{ "type": "Feature", "properties": { "osm_id": "10093562612", "code": 5209, "fclass": "street_lamp" }, "geometry": { "type": "Point", "coordinates": [ 13.3360217, 52.5218313 ] } },
{ "type": "Feature", "properties": { "osm_id": "10130345098", "code": 5209, "fclass": "street_lamp" }, "geometry": { "type": "Point", "coordinates": [ 13.3389096, 52.5215699 ] } },
{ "type": "Feature", "properties": { "osm_id": "10130345099", "code": 5209, "fclass": "street_lamp" }, "geometry": { "type": "Point", "coordinates": [ 13.3387073, 52.5213417 ] } },
{ "type": "Feature", "properties": { "osm_id": "10130345100", "code": 5209, "fclass": "street_lamp" }, "geometry": { "type": "Point", "coordinates": [ 13.3389753, 52.5218609 ] } },
{ "type": "Feature", "properties": { "osm_id": "10130345101", "code": 5209, "fclass": "street_lamp" }, "geometry": { "type": "Point", "coordinates": [ 13.3387912, 52.5218862 ] } },
{ "type": "Feature", "properties": { "osm_id": "10130345102", "code": 5209, "fclass": "street_lamp" }, "geometry": { "type": "Point", "coordinates": [ 13.3385073, 52.5216676 ] } },
{ "type": "Feature", "properties": { "osm_id": "10130345107", "code": 5209, "fclass": "street_lamp" }, "geometry": { "type": "Point", "coordinates": [ 13.3388878, 52.5213952 ] } },
{ "type": "Feature", "properties": { "osm_id": "10130345115", "code": 5209, "fclass": "street_lamp" }, "geometry": { "type": "Point", "coordinates": [ 13.3385763, 52.5213963 ] } },
{ "type": "Feature", "properties": { "osm_id": "10130345116", "code": 5209, "fclass": "street_lamp" }, "geometry": { "type": "Point", "coordinates": [ 13.3387461, 52.5216333 ] } },
{ "type": "Feature", "properties": { "osm_id": "10130357617", "code": 5209, "fclass": "street_lamp" }, "geometry": { "type": "Point", "coordinates": [ 13.3386604, 52.5220337 ] } },
{ "type": "Feature", "properties": { "osm_id": "10130357618", "code": 5209, "fclass": "street_lamp" }, "geometry": { "type": "Point", "coordinates": [ 13.3389242, 52.5217473 ] } },
{ "type": "Feature", "properties": { "osm_id": "10135578637", "code": 5209, "fclass": "street_lamp" }, "geometry": { "type": "Point", "coordinates": [ 13.3588977, 52.5179703 ] } },
{ "type": "Feature", "properties": { "osm_id": "10157400171", "code": 5209, "fclass": "street_lamp" }, "geometry": { "type": "Point", "coordinates": [ 13.3687524, 52.5217306 ] } },
{ "type": "Feature", "properties": { "osm_id": "10157400173", "code": 5209, "fclass": "street_lamp" }, "geometry": { "type": "Point", "coordinates": [ 13.3685336, 52.5218542 ] } },
{ "type": "Feature", "properties": { "osm_id": "10157400174", "code": 5209, "fclass": "street_lamp" }, "geometry": { "type": "Point", "coordinates": [ 13.3683269, 52.5219708 ] } },
{ "type": "Feature", "properties": { "osm_id": "10157400175", "code": 5209, "fclass": "street_lamp" }, "geometry": { "type": "Point", "coordinates": [ 13.3685326, 52.5221715 ] } },
{ "type": "Feature", "properties": { "osm_id": "10157400176", "code": 5209, "fclass": "street_lamp" }, "geometry": { "type": "Point", "coordinates": [ 13.3687551, 52.5220519 ] } },
{ "type": "Feature", "properties": { "osm_id": "10157400177", "code": 5209, "fclass": "street_lamp" }, "geometry": { "type": "Point", "coordinates": [ 13.36898, 52.521931 ] } },
{ "type": "Feature", "properties": { "osm_id": "10157400185", "code": 5209, "fclass": "street_lamp" }, "geometry": { "type": "Point", "coordinates": [ 13.3655985, 52.5227416 ] } },
{ "type": "Feature", "properties": { "osm_id": "10157400186", "code": 5209, "fclass": "street_lamp" }, "geometry": { "type": "Point", "coordinates": [ 13.3660276, 52.5226856 ] } },
{ "type": "Feature", "properties": { "osm_id": "10157400187", "code": 5209, "fclass": "street_lamp" }, "geometry": { "type": "Point", "coordinates": [ 13.3649888, 52.5225946 ] } },
{ "type": "Feature", "properties": { "osm_id": "10157400188", "code": 5209, "fclass": "street_lamp" }, "geometry": { "type": "Point", "coordinates": [ 13.3654038, 52.5225424 ] } },
{ "type": "Feature", "properties": { "osm_id": "10157400189", "code": 5209, "fclass": "street_lamp" }, "geometry": { "type": "Point", "coordinates": [ 13.3659789, 52.5224667 ] } },
{ "type": "Feature", "properties": { "osm_id": "10157400190", "code": 5209, "fclass": "street_lamp" }, "geometry": { "type": "Point", "coordinates": [ 13.366092, 52.523594 ] } },
{ "type": "Feature", "properties": { "osm_id": "10157400191", "code": 5209, "fclass": "street_lamp" }, "geometry": { "type": "Point", "coordinates": [ 13.3661048, 52.5238213 ] } },
{ "type": "Feature", "properties": { "osm_id": "10157400192", "code": 5209, "fclass": "street_lamp" }, "geometry": { "type": "Point", "coordinates": [ 13.3663944, 52.5232154 ] } },
{ "type": "Feature", "properties": { "osm_id": "10157400193", "code": 5209, "fclass": "street_lamp" }, "geometry": { "type": "Point", "coordinates": [ 13.3664049, 52.5233155 ] } },
{ "type": "Feature", "properties": { "osm_id": "10157400194", "code": 5209, "fclass": "street_lamp" }, "geometry": { "type": "Point", "coordinates": [ 13.3673155, 52.5233681 ] } },
{ "type": "Feature", "properties": { "osm_id": "10157400195", "code": 5209, "fclass": "street_lamp" }, "geometry": { "type": "Point", "coordinates": [ 13.3685129, 52.5243613 ] } },
{ "type": "Feature", "properties": { "osm_id": "10157400196", "code": 5209, "fclass": "street_lamp" }, "geometry": { "type": "Point", "coordinates": [ 13.3688569, 52.5243611 ] } },
{ "type": "Feature", "properties": { "osm_id": "10157400197", "code": 5209, "fclass": "street_lamp" }, "geometry": { "type": "Point", "coordinates": [ 13.3684345, 52.5245322 ] } },
{ "type": "Feature", "properties": { "osm_id": "10157400198", "code": 5209, "fclass": "street_lamp" }, "geometry": { "type": "Point", "coordinates": [ 13.3684343, 52.5244155 ] } },
{ "type": "Feature", "properties": { "osm_id": "10157414079", "code": 5209, "fclass": "street_lamp" }, "geometry": { "type": "Point", "coordinates": [ 13.364018, 52.526577 ] } },
{ "type": "Feature", "properties": { "osm_id": "10157414080", "code": 5209, "fclass": "street_lamp" }, "geometry": { "type": "Point", "coordinates": [ 13.3642469, 52.5266431 ] } },
{ "type": "Feature", "properties": { "osm_id": "10282081295", "code": 5209, "fclass": "street_lamp" }, "geometry": { "type": "Point", "coordinates": [ 13.3431743, 52.5252466 ] } },
{ "type": "Feature", "properties": { "osm_id": "10763541110", "code": 5209, "fclass": "street_lamp" }, "geometry": { "type": "Point", "coordinates": [ 13.3394876, 52.5242593 ] } },
{ "type": "Feature", "properties": { "osm_id": "10763541206", "code": 5209, "fclass": "street_lamp" }, "geometry": { "type": "Point", "coordinates": [ 13.3397006, 52.5231316 ] } },
{ "type": "Feature", "properties": { "osm_id": "10763541208", "code": 5209, "fclass": "street_lamp" }, "geometry": { "type": "Point", "coordinates": [ 13.3399414, 52.5229522 ] } },
{ "type": "Feature", "properties": { "osm_id": "10763541211", "code": 5209, "fclass": "street_lamp" }, "geometry": { "type": "Point", "coordinates": [ 13.3395583, 52.5249091 ] } },
{ "type": "Feature", "properties": { "osm_id": "10763541212", "code": 5209, "fclass": "street_lamp" }, "geometry": { "type": "Point", "coordinates": [ 13.3393104, 52.5251574 ] } },
{ "type": "Feature", "properties": { "osm_id": "10763541214", "code": 5209, "fclass": "street_lamp" }, "geometry": { "type": "Point", "coordinates": [ 13.3394765, 52.5253377 ] } },
{ "type": "Feature", "properties": { "osm_id": "10763541306", "code": 5209, "fclass": "street_lamp" }, "geometry": { "type": "Point", "coordinates": [ 13.3397669, 52.5228249 ] } },
{ "type": "Feature", "properties": { "osm_id": "10763541308", "code": 5209, "fclass": "street_lamp" }, "geometry": { "type": "Point", "coordinates": [ 13.3397875, 52.5237356 ] } },
{ "type": "Feature", "properties": { "osm_id": "10763541309", "code": 5209, "fclass": "street_lamp" }, "geometry": { "type": "Point", "coordinates": [ 13.339865, 52.5233279 ] } },
{ "type": "Feature", "properties": { "osm_id": "10763541506", "code": 5209, "fclass": "street_lamp" }, "geometry": { "type": "Point", "coordinates": [ 13.3394073, 52.5246525 ] } },
{ "type": "Feature", "properties": { "osm_id": "10763541606", "code": 5209, "fclass": "street_lamp" }, "geometry": { "type": "Point", "coordinates": [ 13.3396304, 52.5235187 ] } },
{ "type": "Feature", "properties": { "osm_id": "10763541607", "code": 5209, "fclass": "street_lamp" }, "geometry": { "type": "Point", "coordinates": [ 13.3396625, 52.5244748 ] } },
{ "type": "Feature", "properties": { "osm_id": "10810470311", "code": 5209, "fclass": "street_lamp" }, "geometry": { "type": "Point", "coordinates": [ 13.348345, 52.5214917 ] } },
{ "type": "Feature", "properties": { "osm_id": "10833761159", "code": 5209, "fclass": "street_lamp" }, "geometry": { "type": "Point", "coordinates": [ 13.3532134, 52.5356197 ] } },
{ "type": "Feature", "properties": { "osm_id": "10833761161", "code": 5209, "fclass": "street_lamp" }, "geometry": { "type": "Point", "coordinates": [ 13.3532393, 52.5359009 ] } },
{ "type": "Feature", "properties": { "osm_id": "10833761164", "code": 5209, "fclass": "street_lamp" }, "geometry": { "type": "Point", "coordinates": [ 13.3529629, 52.5356144 ] } },
{ "type": "Feature", "properties": { "osm_id": "10833761166", "code": 5209, "fclass": "street_lamp" }, "geometry": { "type": "Point", "coordinates": [ 13.3533296, 52.5357768 ] } },
{ "type": "Feature", "properties": { "osm_id": "10836730151", "code": 5209, "fclass": "street_lamp" }, "geometry": { "type": "Point", "coordinates": [ 13.3528204, 52.5363007 ] } },
{ "type": "Feature", "properties": { "osm_id": "10836730152", "code": 5209, "fclass": "street_lamp" }, "geometry": { "type": "Point", "coordinates": [ 13.3530658, 52.5361474 ] } },
{ "type": "Feature", "properties": { "osm_id": "10836730153", "code": 5209, "fclass": "street_lamp" }, "geometry": { "type": "Point", "coordinates": [ 13.3531375, 52.5360442 ] } },
{ "type": "Feature", "properties": { "osm_id": "10836730154", "code": 5209, "fclass": "street_lamp" }, "geometry": { "type": "Point", "coordinates": [ 13.3529932, 52.5362545 ] } },
{ "type": "Feature", "properties": { "osm_id": "10836730155", "code": 5209, "fclass": "street_lamp" }, "geometry": { "type": "Point", "coordinates": [ 13.3526428, 52.5362649 ] } },
{ "type": "Feature", "properties": { "osm_id": "10836730156", "code": 5209, "fclass": "street_lamp" }, "geometry": { "type": "Point", "coordinates": [ 13.3523674, 52.536177 ] } },
{ "type": "Feature", "properties": { "osm_id": "10836730157", "code": 5209, "fclass": "street_lamp" }, "geometry": { "type": "Point", "coordinates": [ 13.3523979, 52.5360713 ] } },
{ "type": "Feature", "properties": { "osm_id": "10895913763", "code": 5209, "fclass": "street_lamp" }, "geometry": { "type": "Point", "coordinates": [ 13.3699583, 52.5313329 ] } },
{ "type": "Feature", "properties": { "osm_id": "10931295892", "code": 5209, "fclass": "street_lamp" }, "geometry": { "type": "Point", "coordinates": [ 13.3355176, 52.5264864 ] } },
{ "type": "Feature", "properties": { "osm_id": "10939508036", "code": 5209, "fclass": "street_lamp" }, "geometry": { "type": "Point", "coordinates": [ 13.3464876, 52.5282186 ] } },
{ "type": "Feature", "properties": { "osm_id": "10939508037", "code": 5209, "fclass": "street_lamp" }, "geometry": { "type": "Point", "coordinates": [ 13.3464929, 52.5281228 ] } },
{ "type": "Feature", "properties": { "osm_id": "10939508049", "code": 5209, "fclass": "street_lamp" }, "geometry": { "type": "Point", "coordinates": [ 13.3466381, 52.5291837 ] } },
{ "type": "Feature", "properties": { "osm_id": "11510415699", "code": 5209, "fclass": "street_lamp" }, "geometry": { "type": "Point", "coordinates": [ 13.3557972, 52.517996 ] } },
{ "type": "Feature", "properties": { "osm_id": "11727276324", "code": 5209, "fclass": "street_lamp" }, "geometry": { "type": "Point", "coordinates": [ 13.3427968, 52.5235248 ] } },
{ "type": "Feature", "properties": { "osm_id": "11727315152", "code": 5209, "fclass": "street_lamp" }, "geometry": { "type": "Point", "coordinates": [ 13.3428385, 52.5236709 ] } },
{ "type": "Feature", "properties": { "osm_id": "11727334003", "code": 5209, "fclass": "street_lamp" }, "geometry": { "type": "Point", "coordinates": [ 13.3429714, 52.5239756 ] } },
{ "type": "Feature", "properties": { "osm_id": "11727349541", "code": 5209, "fclass": "street_lamp" }, "geometry": { "type": "Point", "coordinates": [ 13.3428843, 52.5238295 ] } },
{ "type": "Feature", "properties": { "osm_id": "11730708054", "code": 5209, "fclass": "street_lamp" }, "geometry": { "type": "Point", "coordinates": [ 13.3707934, 52.5270394 ] } },
{ "type": "Feature", "properties": { "osm_id": "11730728313", "code": 5209, "fclass": "street_lamp" }, "geometry": { "type": "Point", "coordinates": [ 13.3714973, 52.5272147 ] } },
{ "type": "Feature", "properties": { "osm_id": "11730731342", "code": 5209, "fclass": "street_lamp" }, "geometry": { "type": "Point", "coordinates": [ 13.3711093, 52.5270915 ] } },
{ "type": "Feature", "properties": { "osm_id": "11730735846", "code": 5209, "fclass": "street_lamp" }, "geometry": { "type": "Point", "coordinates": [ 13.370664, 52.5268965 ] } },
{ "type": "Feature", "properties": { "osm_id": "11730737844", "code": 5209, "fclass": "street_lamp" }, "geometry": { "type": "Point", "coordinates": [ 13.3700447, 52.5264789 ] } },
{ "type": "Feature", "properties": { "osm_id": "11730743479", "code": 5209, "fclass": "street_lamp" }, "geometry": { "type": "Point", "coordinates": [ 13.3708011, 52.5267103 ] } },
{ "type": "Feature", "properties": { "osm_id": "11730746620", "code": 5209, "fclass": "street_lamp" }, "geometry": { "type": "Point", "coordinates": [ 13.3718765, 52.5273263 ] } },
{ "type": "Feature", "properties": { "osm_id": "11730747362", "code": 5209, "fclass": "street_lamp" }, "geometry": { "type": "Point", "coordinates": [ 13.3695033, 52.5263154 ] } },
{ "type": "Feature", "properties": { "osm_id": "11730748515", "code": 5209, "fclass": "street_lamp" }, "geometry": { "type": "Point", "coordinates": [ 13.3704109, 52.5269487 ] } },
{ "type": "Feature", "properties": { "osm_id": "11730749665", "code": 5209, "fclass": "street_lamp" }, "geometry": { "type": "Point", "coordinates": [ 13.3733324, 52.5277769 ] } },
{ "type": "Feature", "properties": { "osm_id": "11730749666", "code": 5209, "fclass": "street_lamp" }, "geometry": { "type": "Point", "coordinates": [ 13.3700619, 52.5268512 ] } },
{ "type": "Feature", "properties": { "osm_id": "11730749729", "code": 5209, "fclass": "street_lamp" }, "geometry": { "type": "Point", "coordinates": [ 13.3729061, 52.5276424 ] } },
{ "type": "Feature", "properties": { "osm_id": "11730750798", "code": 5209, "fclass": "street_lamp" }, "geometry": { "type": "Point", "coordinates": [ 13.3692623, 52.5266047 ] } },
{ "type": "Feature", "properties": { "osm_id": "11730752552", "code": 5209, "fclass": "street_lamp" }, "geometry": { "type": "Point", "coordinates": [ 13.3722788, 52.5274457 ] } },
{ "type": "Feature", "properties": { "osm_id": "11730754115", "code": 5209, "fclass": "street_lamp" }, "geometry": { "type": "Point", "coordinates": [ 13.3702763, 52.5265502 ] } },
{ "type": "Feature", "properties": { "osm_id": "11730755376", "code": 5209, "fclass": "street_lamp" }, "geometry": { "type": "Point", "coordinates": [ 13.3707212, 52.5268234 ] } },
{ "type": "Feature", "properties": { "osm_id": "11730755377", "code": 5209, "fclass": "street_lamp" }, "geometry": { "type": "Point", "coordinates": [ 13.3698145, 52.5267753 ] } },
{ "type": "Feature", "properties": { "osm_id": "11730756398", "code": 5209, "fclass": "street_lamp" }, "geometry": { "type": "Point", "coordinates": [ 13.3697701, 52.5263971 ] } },
{ "type": "Feature", "properties": { "osm_id": "11730758509", "code": 5209, "fclass": "street_lamp" }, "geometry": { "type": "Point", "coordinates": [ 13.372638, 52.5275564 ] } },
{ "type": "Feature", "properties": { "osm_id": "11828707610", "code": 5209, "fclass": "street_lamp" }, "geometry": { "type": "Point", "coordinates": [ 13.354613, 52.5174918 ] } },
{ "type": "Feature", "properties": { "osm_id": "11828707611", "code": 5209, "fclass": "street_lamp" }, "geometry": { "type": "Point", "coordinates": [ 13.3545896, 52.5175986 ] } },
{ "type": "Feature", "properties": { "osm_id": "11828707612", "code": 5209, "fclass": "street_lamp" }, "geometry": { "type": "Point", "coordinates": [ 13.3546731, 52.5176682 ] } },
{ "type": "Feature", "properties": { "osm_id": "11828707613", "code": 5209, "fclass": "street_lamp" }, "geometry": { "type": "Point", "coordinates": [ 13.354647, 52.5177817 ] } },
{ "type": "Feature", "properties": { "osm_id": "11828707614", "code": 5209, "fclass": "street_lamp" }, "geometry": { "type": "Point", "coordinates": [ 13.3547427, 52.5178457 ] } },
{ "type": "Feature", "properties": { "osm_id": "11828707615", "code": 5209, "fclass": "street_lamp" }, "geometry": { "type": "Point", "coordinates": [ 13.3550059, 52.5186052 ] } },
{ "type": "Feature", "properties": { "osm_id": "11828792036", "code": 5209, "fclass": "street_lamp" }, "geometry": { "type": "Point", "coordinates": [ 13.348651, 52.5218658 ] } },
{ "type": "Feature", "properties": { "osm_id": "11829827541", "code": 5209, "fclass": "street_lamp" }, "geometry": { "type": "Point", "coordinates": [ 13.351278, 52.5197426 ] } },
{ "type": "Feature", "properties": { "osm_id": "11829829537", "code": 5209, "fclass": "street_lamp" }, "geometry": { "type": "Point", "coordinates": [ 13.3546634, 52.5180887 ] } },
{ "type": "Feature", "properties": { "osm_id": "11829829538", "code": 5209, "fclass": "street_lamp" }, "geometry": { "type": "Point", "coordinates": [ 13.3543861, 52.5182206 ] } },
{ "type": "Feature", "properties": { "osm_id": "11829829539", "code": 5209, "fclass": "street_lamp" }, "geometry": { "type": "Point", "coordinates": [ 13.3542367, 52.518389 ] } },
{ "type": "Feature", "properties": { "osm_id": "11829829540", "code": 5209, "fclass": "street_lamp" }, "geometry": { "type": "Point", "coordinates": [ 13.3540217, 52.5184833 ] } },
{ "type": "Feature", "properties": { "osm_id": "11829829541", "code": 5209, "fclass": "street_lamp" }, "geometry": { "type": "Point", "coordinates": [ 13.3538076, 52.5186017 ] } },
{ "type": "Feature", "properties": { "osm_id": "11829829542", "code": 5209, "fclass": "street_lamp" }, "geometry": { "type": "Point", "coordinates": [ 13.3536095, 52.5186819 ] } },
{ "type": "Feature", "properties": { "osm_id": "11829829543", "code": 5209, "fclass": "street_lamp" }, "geometry": { "type": "Point", "coordinates": [ 13.3533863, 52.5188163 ] } },
{ "type": "Feature", "properties": { "osm_id": "11829829544", "code": 5209, "fclass": "street_lamp" }, "geometry": { "type": "Point", "coordinates": [ 13.3532789, 52.5188736 ] } },
{ "type": "Feature", "properties": { "osm_id": "11829829545", "code": 5209, "fclass": "street_lamp" }, "geometry": { "type": "Point", "coordinates": [ 13.3530647, 52.5189586 ] } },
{ "type": "Feature", "properties": { "osm_id": "11829829546", "code": 5209, "fclass": "street_lamp" }, "geometry": { "type": "Point", "coordinates": [ 13.3528027, 52.5190906 ] } },
{ "type": "Feature", "properties": { "osm_id": "11829829547", "code": 5209, "fclass": "street_lamp" }, "geometry": { "type": "Point", "coordinates": [ 13.3526016, 52.519199 ] } },
{ "type": "Feature", "properties": { "osm_id": "11829829548", "code": 5209, "fclass": "street_lamp" }, "geometry": { "type": "Point", "coordinates": [ 13.3523692, 52.5193098 ] } },
{ "type": "Feature", "properties": { "osm_id": "11829829549", "code": 5209, "fclass": "street_lamp" }, "geometry": { "type": "Point", "coordinates": [ 13.3522151, 52.519378 ] } },
{ "type": "Feature", "properties": { "osm_id": "11829829550", "code": 5209, "fclass": "street_lamp" }, "geometry": { "type": "Point", "coordinates": [ 13.3520016, 52.5194459 ] } },
{ "type": "Feature", "properties": { "osm_id": "11829829551", "code": 5209, "fclass": "street_lamp" }, "geometry": { "type": "Point", "coordinates": [ 13.3518448, 52.5195346 ] } },
{ "type": "Feature", "properties": { "osm_id": "11831516779", "code": 5209, "fclass": "street_lamp" }, "geometry": { "type": "Point", "coordinates": [ 13.3563581, 52.5195508 ] } },
{ "type": "Feature", "properties": { "osm_id": "11831516780", "code": 5209, "fclass": "street_lamp" }, "geometry": { "type": "Point", "coordinates": [ 13.3549286, 52.5192644 ] } },
{ "type": "Feature", "properties": { "osm_id": "11831516781", "code": 5209, "fclass": "street_lamp" }, "geometry": { "type": "Point", "coordinates": [ 13.3547593, 52.5192477 ] } },
{ "type": "Feature", "properties": { "osm_id": "11831516782", "code": 5209, "fclass": "street_lamp" }, "geometry": { "type": "Point", "coordinates": [ 13.3543539, 52.5192428 ] } },
{ "type": "Feature", "properties": { "osm_id": "11831516783", "code": 5209, "fclass": "street_lamp" }, "geometry": { "type": "Point", "coordinates": [ 13.3541135, 52.5192407 ] } },
{ "type": "Feature", "properties": { "osm_id": "11831516785", "code": 5209, "fclass": "street_lamp" }, "geometry": { "type": "Point", "coordinates": [ 13.3538152, 52.5192546 ] } },
{ "type": "Feature", "properties": { "osm_id": "11831516786", "code": 5209, "fclass": "street_lamp" }, "geometry": { "type": "Point", "coordinates": [ 13.3535599, 52.5192687 ] } },
{ "type": "Feature", "properties": { "osm_id": "11831516788", "code": 5209, "fclass": "street_lamp" }, "geometry": { "type": "Point", "coordinates": [ 13.3532971, 52.519294 ] } },
{ "type": "Feature", "properties": { "osm_id": "11831516789", "code": 5209, "fclass": "street_lamp" }, "geometry": { "type": "Point", "coordinates": [ 13.3529344, 52.5193208 ] } },
{ "type": "Feature", "properties": { "osm_id": "11831516790", "code": 5209, "fclass": "street_lamp" }, "geometry": { "type": "Point", "coordinates": [ 13.3527332, 52.5193409 ] } },
{ "type": "Feature", "properties": { "osm_id": "11831516791", "code": 5209, "fclass": "street_lamp" }, "geometry": { "type": "Point", "coordinates": [ 13.3524267, 52.5193644 ] } },
{ "type": "Feature", "properties": { "osm_id": "11831529471", "code": 5209, "fclass": "street_lamp" }, "geometry": { "type": "Point", "coordinates": [ 13.3484666, 52.5216656 ] } },
{ "type": "Feature", "properties": { "osm_id": "11831529472", "code": 5209, "fclass": "street_lamp" }, "geometry": { "type": "Point", "coordinates": [ 13.3482036, 52.5213592 ] } },
{ "type": "Feature", "properties": { "osm_id": "11834779090", "code": 5209, "fclass": "street_lamp" }, "geometry": { "type": "Point", "coordinates": [ 13.355004, 52.5177535 ] } },
{ "type": "Feature", "properties": { "osm_id": "11834779091", "code": 5209, "fclass": "street_lamp" }, "geometry": { "type": "Point", "coordinates": [ 13.3550475, 52.517639 ] } },
{ "type": "Feature", "properties": { "osm_id": "11834779092", "code": 5209, "fclass": "street_lamp" }, "geometry": { "type": "Point", "coordinates": [ 13.3549468, 52.5175677 ] } },
{ "type": "Feature", "properties": { "osm_id": "11834779093", "code": 5209, "fclass": "street_lamp" }, "geometry": { "type": "Point", "coordinates": [ 13.3549959, 52.5174681 ] } },
{ "type": "Feature", "properties": { "osm_id": "11834779094", "code": 5209, "fclass": "street_lamp" }, "geometry": { "type": "Point", "coordinates": [ 13.3548973, 52.5173993 ] } },
{ "type": "Feature", "properties": { "osm_id": "11834829249", "code": 5209, "fclass": "street_lamp" }, "geometry": { "type": "Point", "coordinates": [ 13.3680259, 52.5233045 ] } },
{ "type": "Feature", "properties": { "osm_id": "11834829250", "code": 5209, "fclass": "street_lamp" }, "geometry": { "type": "Point", "coordinates": [ 13.3677392, 52.5233187 ] } },
{ "type": "Feature", "properties": { "osm_id": "11834829251", "code": 5209, "fclass": "street_lamp" }, "geometry": { "type": "Point", "coordinates": [ 13.3674068, 52.5233198 ] } },
{ "type": "Feature", "properties": { "osm_id": "11834829252", "code": 5209, "fclass": "street_lamp" }, "geometry": { "type": "Point", "coordinates": [ 13.3670284, 52.5233169 ] } },
{ "type": "Feature", "properties": { "osm_id": "11834829254", "code": 5209, "fclass": "street_lamp" }, "geometry": { "type": "Point", "coordinates": [ 13.3658214, 52.5223182 ] } },
{ "type": "Feature", "properties": { "osm_id": "11834829255", "code": 5209, "fclass": "street_lamp" }, "geometry": { "type": "Point", "coordinates": [ 13.3651714, 52.5218232 ] } },
{ "type": "Feature", "properties": { "osm_id": "11834829256", "code": 5209, "fclass": "street_lamp" }, "geometry": { "type": "Point", "coordinates": [ 13.3649733, 52.5216481 ] } },
{ "type": "Feature", "properties": { "osm_id": "11837018551", "code": 5209, "fclass": "street_lamp" }, "geometry": { "type": "Point", "coordinates": [ 13.3482317, 52.5217838 ] } },
{ "type": "Feature", "properties": { "osm_id": "11837018552", "code": 5209, "fclass": "street_lamp" }, "geometry": { "type": "Point", "coordinates": [ 13.3481101, 52.5216099 ] } },
{ "type": "Feature", "properties": { "osm_id": "11844732133", "code": 5209, "fclass": "street_lamp" }, "geometry": { "type": "Point", "coordinates": [ 13.3662724, 52.5247513 ] } },
{ "type": "Feature", "properties": { "osm_id": "11844732136", "code": 5209, "fclass": "street_lamp" }, "geometry": { "type": "Point", "coordinates": [ 13.3662885, 52.5248545 ] } },
{ "type": "Feature", "properties": { "osm_id": "11844732139", "code": 5209, "fclass": "street_lamp" }, "geometry": { "type": "Point", "coordinates": [ 13.3662406, 52.5249934 ] } },
{ "type": "Feature", "properties": { "osm_id": "11847596210", "code": 5209, "fclass": "street_lamp" }, "geometry": { "type": "Point", "coordinates": [ 13.3725562, 52.5272028 ] } },
{ "type": "Feature", "properties": { "osm_id": "11847598707", "code": 5209, "fclass": "street_lamp" }, "geometry": { "type": "Point", "coordinates": [ 13.371647, 52.5269381 ] } },
{ "type": "Feature", "properties": { "osm_id": "11847598708", "code": 5209, "fclass": "street_lamp" }, "geometry": { "type": "Point", "coordinates": [ 13.3716483, 52.5266787 ] } },
{ "type": "Feature", "properties": { "osm_id": "11847598709", "code": 5209, "fclass": "street_lamp" }, "geometry": { "type": "Point", "coordinates": [ 13.3716514, 52.5268081 ] } },
{ "type": "Feature", "properties": { "osm_id": "11849492688", "code": 5209, "fclass": "street_lamp" }, "geometry": { "type": "Point", "coordinates": [ 13.3574036, 52.5187491 ] } },
{ "type": "Feature", "properties": { "osm_id": "11849492689", "code": 5209, "fclass": "street_lamp" }, "geometry": { "type": "Point", "coordinates": [ 13.3574568, 52.5188753 ] } },
{ "type": "Feature", "properties": { "osm_id": "11849492690", "code": 5209, "fclass": "street_lamp" }, "geometry": { "type": "Point", "coordinates": [ 13.3575676, 52.5191149 ] } },
{ "type": "Feature", "properties": { "osm_id": "11849492691", "code": 5209, "fclass": "street_lamp" }, "geometry": { "type": "Point", "coordinates": [ 13.3573477, 52.518618 ] } },
{ "type": "Feature", "properties": { "osm_id": "11849492692", "code": 5209, "fclass": "street_lamp" }, "geometry": { "type": "Point", "coordinates": [ 13.3572158, 52.5185559 ] } },
{ "type": "Feature", "properties": { "osm_id": "11850735023", "code": 5209, "fclass": "street_lamp" }, "geometry": { "type": "Point", "coordinates": [ 13.3505289, 52.5202921 ] } },
{ "type": "Feature", "properties": { "osm_id": "11850735024", "code": 5209, "fclass": "street_lamp" }, "geometry": { "type": "Point", "coordinates": [ 13.3504744, 52.5203373 ] } },
{ "type": "Feature", "properties": { "osm_id": "11850819052", "code": 5209, "fclass": "street_lamp" }, "geometry": { "type": "Point", "coordinates": [ 13.3501107, 52.5201419 ] } },
{ "type": "Feature", "properties": { "osm_id": "11850819053", "code": 5209, "fclass": "street_lamp" }, "geometry": { "type": "Point", "coordinates": [ 13.3503137, 52.5202351 ] } },
{ "type": "Feature", "properties": { "osm_id": "11854337314", "code": 5209, "fclass": "street_lamp" }, "geometry": { "type": "Point", "coordinates": [ 13.3576447, 52.5192282 ] } },
{ "type": "Feature", "properties": { "osm_id": "11854337315", "code": 5209, "fclass": "street_lamp" }, "geometry": { "type": "Point", "coordinates": [ 13.3574324, 52.5191572 ] } },
{ "type": "Feature", "properties": { "osm_id": "11854337316", "code": 5209, "fclass": "street_lamp" }, "geometry": { "type": "Point", "coordinates": [ 13.3568356, 52.5192899 ] } },
{ "type": "Feature", "properties": { "osm_id": "11854337317", "code": 5209, "fclass": "street_lamp" }, "geometry": { "type": "Point", "coordinates": [ 13.3569102, 52.5191665 ] } },
{ "type": "Feature", "properties": { "osm_id": "11854337318", "code": 5209, "fclass": "street_lamp" }, "geometry": { "type": "Point", "coordinates": [ 13.3569823, 52.5190384 ] } },
{ "type": "Feature", "properties": { "osm_id": "11854337319", "code": 5209, "fclass": "street_lamp" }, "geometry": { "type": "Point", "coordinates": [ 13.357012, 52.5188779 ] } },
{ "type": "Feature", "properties": { "osm_id": "11854337320", "code": 5209, "fclass": "street_lamp" }, "geometry": { "type": "Point", "coordinates": [ 13.357074, 52.5187419 ] } },
{ "type": "Feature", "properties": { "osm_id": "11854337321", "code": 5209, "fclass": "street_lamp" }, "geometry": { "type": "Point", "coordinates": [ 13.3571285, 52.5186171 ] } },
{ "type": "Feature", "properties": { "osm_id": "11859403171", "code": 5209, "fclass": "street_lamp" }, "geometry": { "type": "Point", "coordinates": [ 13.3483387, 52.5221773 ] } },
{ "type": "Feature", "properties": { "osm_id": "11859403172", "code": 5209, "fclass": "street_lamp" }, "geometry": { "type": "Point", "coordinates": [ 13.3476951, 52.5225095 ] } },
{ "type": "Feature", "properties": { "osm_id": "11859403173", "code": 5209, "fclass": "street_lamp" }, "geometry": { "type": "Point", "coordinates": [ 13.3476175, 52.5226709 ] } },
{ "type": "Feature", "properties": { "osm_id": "11859403174", "code": 5209, "fclass": "street_lamp" }, "geometry": { "type": "Point", "coordinates": [ 13.3474631, 52.522694 ] } },
{ "type": "Feature", "properties": { "osm_id": "11859403175", "code": 5209, "fclass": "street_lamp" }, "geometry": { "type": "Point", "coordinates": [ 13.3471636, 52.5227324 ] } },
{ "type": "Feature", "properties": { "osm_id": "11859403176", "code": 5209, "fclass": "street_lamp" }, "geometry": { "type": "Point", "coordinates": [ 13.3470581, 52.5228065 ] } },
{ "type": "Feature", "properties": { "osm_id": "11859403177", "code": 5209, "fclass": "street_lamp" }, "geometry": { "type": "Point", "coordinates": [ 13.3470695, 52.5228784 ] } },
{ "type": "Feature", "properties": { "osm_id": "11859403178", "code": 5209, "fclass": "street_lamp" }, "geometry": { "type": "Point", "coordinates": [ 13.3467859, 52.5228445 ] } },
{ "type": "Feature", "properties": { "osm_id": "11859403179", "code": 5209, "fclass": "street_lamp" }, "geometry": { "type": "Point", "coordinates": [ 13.3466668, 52.5227939 ] } },
{ "type": "Feature", "properties": { "osm_id": "11859403180", "code": 5209, "fclass": "street_lamp" }, "geometry": { "type": "Point", "coordinates": [ 13.3463388, 52.5232501 ] } },
{ "type": "Feature", "properties": { "osm_id": "11859403181", "code": 5209, "fclass": "street_lamp" }, "geometry": { "type": "Point", "coordinates": [ 13.3463869, 52.5234009 ] } },
{ "type": "Feature", "properties": { "osm_id": "11859403182", "code": 5209, "fclass": "street_lamp" }, "geometry": { "type": "Point", "coordinates": [ 13.3464755, 52.5236729 ] } },
{ "type": "Feature", "properties": { "osm_id": "11859403183", "code": 5209, "fclass": "street_lamp" }, "geometry": { "type": "Point", "coordinates": [ 13.3465413, 52.5238669 ] } },
{ "type": "Feature", "properties": { "osm_id": "11859403184", "code": 5209, "fclass": "street_lamp" }, "geometry": { "type": "Point", "coordinates": [ 13.3465818, 52.5240042 ] } },
{ "type": "Feature", "properties": { "osm_id": "11859403185", "code": 5209, "fclass": "street_lamp" }, "geometry": { "type": "Point", "coordinates": [ 13.3466341, 52.5241498 ] } },
{ "type": "Feature", "properties": { "osm_id": "11859403186", "code": 5209, "fclass": "street_lamp" }, "geometry": { "type": "Point", "coordinates": [ 13.3466857, 52.5243063 ] } },
{ "type": "Feature", "properties": { "osm_id": "11866458342", "code": 5209, "fclass": "street_lamp" }, "geometry": { "type": "Point", "coordinates": [ 13.3498079, 52.5200451 ] } },
{ "type": "Feature", "properties": { "osm_id": "11866458343", "code": 5209, "fclass": "street_lamp" }, "geometry": { "type": "Point", "coordinates": [ 13.3498717, 52.5200042 ] } },
{ "type": "Feature", "properties": { "osm_id": "11868160665", "code": 5209, "fclass": "street_lamp" }, "geometry": { "type": "Point", "coordinates": [ 13.3583545, 52.5192854 ] } },
{ "type": "Feature", "properties": { "osm_id": "11868160666", "code": 5209, "fclass": "street_lamp" }, "geometry": { "type": "Point", "coordinates": [ 13.3584057, 52.5191875 ] } },
{ "type": "Feature", "properties": { "osm_id": "11868160667", "code": 5209, "fclass": "street_lamp" }, "geometry": { "type": "Point", "coordinates": [ 13.358453, 52.5190201 ] } },
{ "type": "Feature", "properties": { "osm_id": "11868160668", "code": 5209, "fclass": "street_lamp" }, "geometry": { "type": "Point", "coordinates": [ 13.3585137, 52.5189248 ] } },
{ "type": "Feature", "properties": { "osm_id": "11868199969", "code": 5209, "fclass": "street_lamp" }, "geometry": { "type": "Point", "coordinates": [ 13.3587141, 52.5190164 ] } },
{ "type": "Feature", "properties": { "osm_id": "11869368997", "code": 5209, "fclass": "street_lamp" }, "geometry": { "type": "Point", "coordinates": [ 13.3523577, 52.5198322 ] } },
{ "type": "Feature", "properties": { "osm_id": "11869368998", "code": 5209, "fclass": "street_lamp" }, "geometry": { "type": "Point", "coordinates": [ 13.3525463, 52.5198254 ] } },
{ "type": "Feature", "properties": { "osm_id": "11869369001", "code": 5209, "fclass": "street_lamp" }, "geometry": { "type": "Point", "coordinates": [ 13.353203, 52.5197409 ] } },
{ "type": "Feature", "properties": { "osm_id": "11869369002", "code": 5209, "fclass": "street_lamp" }, "geometry": { "type": "Point", "coordinates": [ 13.3537508, 52.5196936 ] } },
{ "type": "Feature", "properties": { "osm_id": "11869369005", "code": 5209, "fclass": "street_lamp" }, "geometry": { "type": "Point", "coordinates": [ 13.3544233, 52.5196836 ] } },
{ "type": "Feature", "properties": { "osm_id": "11869369006", "code": 5209, "fclass": "street_lamp" }, "geometry": { "type": "Point", "coordinates": [ 13.3550717, 52.5196988 ] } },
{ "type": "Feature", "properties": { "osm_id": "11869389648", "code": 5209, "fclass": "street_lamp" }, "geometry": { "type": "Point", "coordinates": [ 13.3562361, 52.5198607 ] } },
{ "type": "Feature", "properties": { "osm_id": "11869389649", "code": 5209, "fclass": "street_lamp" }, "geometry": { "type": "Point", "coordinates": [ 13.3565771, 52.5198082 ] } },
{ "type": "Feature", "properties": { "osm_id": "11869389650", "code": 5209, "fclass": "street_lamp" }, "geometry": { "type": "Point", "coordinates": [ 13.3567622, 52.5199754 ] } },
{ "type": "Feature", "properties": { "osm_id": "11877145769", "code": 5209, "fclass": "street_lamp" }, "geometry": { "type": "Point", "coordinates": [ 13.3599478, 52.5192835 ] } },
{ "type": "Feature", "properties": { "osm_id": "11877145770", "code": 5209, "fclass": "street_lamp" }, "geometry": { "type": "Point", "coordinates": [ 13.3597531, 52.5192126 ] } },
{ "type": "Feature", "properties": { "osm_id": "11877145771", "code": 5209, "fclass": "street_lamp" }, "geometry": { "type": "Point", "coordinates": [ 13.3595222, 52.519292 ] } },
{ "type": "Feature", "properties": { "osm_id": "11878613615", "code": 5209, "fclass": "street_lamp" }, "geometry": { "type": "Point", "coordinates": [ 13.343815, 52.5231525 ] } },
{ "type": "Feature", "properties": { "osm_id": "11878613616", "code": 5209, "fclass": "street_lamp" }, "geometry": { "type": "Point", "coordinates": [ 13.345335, 52.5229611 ] } },
{ "type": "Feature", "properties": { "osm_id": "11878613617", "code": 5209, "fclass": "street_lamp" }, "geometry": { "type": "Point", "coordinates": [ 13.3455937, 52.5229263 ] } },
{ "type": "Feature", "properties": { "osm_id": "11878632363", "code": 5209, "fclass": "street_lamp" }, "geometry": { "type": "Point", "coordinates": [ 13.3423545, 52.5232032 ] } },
{ "type": "Feature", "properties": { "osm_id": "11878632364", "code": 5209, "fclass": "street_lamp" }, "geometry": { "type": "Point", "coordinates": [ 13.342452, 52.5231858 ] } },
{ "type": "Feature", "properties": { "osm_id": "11878632365", "code": 5209, "fclass": "street_lamp" }, "geometry": { "type": "Point", "coordinates": [ 13.3426175, 52.5231657 ] } },
{ "type": "Feature", "properties": { "osm_id": "11878632366", "code": 5209, "fclass": "street_lamp" }, "geometry": { "type": "Point", "coordinates": [ 13.3426747, 52.5231597 ] } },
{ "type": "Feature", "properties": { "osm_id": "11878632367", "code": 5209, "fclass": "street_lamp" }, "geometry": { "type": "Point", "coordinates": [ 13.3428013, 52.5231529 ] } },
{ "type": "Feature", "properties": { "osm_id": "11878658254", "code": 5209, "fclass": "street_lamp" }, "geometry": { "type": "Point", "coordinates": [ 13.3455915, 52.5232476 ] } },
{ "type": "Feature", "properties": { "osm_id": "11878658255", "code": 5209, "fclass": "street_lamp" }, "geometry": { "type": "Point", "coordinates": [ 13.3456533, 52.5234282 ] } },
{ "type": "Feature", "properties": { "osm_id": "11878658256", "code": 5209, "fclass": "street_lamp" }, "geometry": { "type": "Point", "coordinates": [ 13.345723, 52.5236281 ] } },
{ "type": "Feature", "properties": { "osm_id": "11878658257", "code": 5209, "fclass": "street_lamp" }, "geometry": { "type": "Point", "coordinates": [ 13.3457632, 52.5237381 ] } },
{ "type": "Feature", "properties": { "osm_id": "11878658258", "code": 5209, "fclass": "street_lamp" }, "geometry": { "type": "Point", "coordinates": [ 13.3458161, 52.5239297 ] } },
{ "type": "Feature", "properties": { "osm_id": "11878686075", "code": 5209, "fclass": "street_lamp" }, "geometry": { "type": "Point", "coordinates": [ 13.34859, 52.5223531 ] } },
{ "type": "Feature", "properties": { "osm_id": "11878686077", "code": 5209, "fclass": "street_lamp" }, "geometry": { "type": "Point", "coordinates": [ 13.3487207, 52.5227473 ] } },
{ "type": "Feature", "properties": { "osm_id": "11878686078", "code": 5209, "fclass": "street_lamp" }, "geometry": { "type": "Point", "coordinates": [ 13.3488524, 52.5230906 ] } },
{ "type": "Feature", "properties": { "osm_id": "11878686079", "code": 5209, "fclass": "street_lamp" }, "geometry": { "type": "Point", "coordinates": [ 13.3489834, 52.5234294 ] } },
{ "type": "Feature", "properties": { "osm_id": "11878687307", "code": 5209, "fclass": "street_lamp" }, "geometry": { "type": "Point", "coordinates": [ 13.3492754, 52.5241377 ] } },
{ "type": "Feature", "properties": { "osm_id": "11878698147", "code": 5209, "fclass": "street_lamp" }, "geometry": { "type": "Point", "coordinates": [ 13.3491396, 52.5237968 ] } },
{ "type": "Feature", "properties": { "osm_id": "11879496139", "code": 5209, "fclass": "street_lamp" }, "geometry": { "type": "Point", "coordinates": [ 13.3488103, 52.5223331 ] } },
{ "type": "Feature", "properties": { "osm_id": "11880934688", "code": 5209, "fclass": "street_lamp" }, "geometry": { "type": "Point", "coordinates": [ 13.3591982, 52.5204702 ] } },
{ "type": "Feature", "properties": { "osm_id": "11880934689", "code": 5209, "fclass": "street_lamp" }, "geometry": { "type": "Point", "coordinates": [ 13.3591937, 52.520566 ] } },
{ "type": "Feature", "properties": { "osm_id": "11880934690", "code": 5209, "fclass": "street_lamp" }, "geometry": { "type": "Point", "coordinates": [ 13.3595397, 52.520739 ] } },
{ "type": "Feature", "properties": { "osm_id": "11880934691", "code": 5209, "fclass": "street_lamp" }, "geometry": { "type": "Point", "coordinates": [ 13.3596747, 52.520819 ] } },
{ "type": "Feature", "properties": { "osm_id": "11880934692", "code": 5209, "fclass": "street_lamp" }, "geometry": { "type": "Point", "coordinates": [ 13.3598374, 52.520905 ] } },
{ "type": "Feature", "properties": { "osm_id": "11880934693", "code": 5209, "fclass": "street_lamp" }, "geometry": { "type": "Point", "coordinates": [ 13.3599644, 52.5209583 ] } },
{ "type": "Feature", "properties": { "osm_id": "11880934694", "code": 5209, "fclass": "street_lamp" }, "geometry": { "type": "Point", "coordinates": [ 13.3594288, 52.5205834 ] } },
{ "type": "Feature", "properties": { "osm_id": "11880934695", "code": 5209, "fclass": "street_lamp" }, "geometry": { "type": "Point", "coordinates": [ 13.3596935, 52.520592 ] } },
{ "type": "Feature", "properties": { "osm_id": "11880934696", "code": 5209, "fclass": "street_lamp" }, "geometry": { "type": "Point", "coordinates": [ 13.3597092, 52.5205306 ] } },
{ "type": "Feature", "properties": { "osm_id": "11880934697", "code": 5209, "fclass": "street_lamp" }, "geometry": { "type": "Point", "coordinates": [ 13.359704, 52.520415 ] } },
{ "type": "Feature", "properties": { "osm_id": "11880934698", "code": 5209, "fclass": "street_lamp" }, "geometry": { "type": "Point", "coordinates": [ 13.3596941, 52.5203531 ] } },
{ "type": "Feature", "properties": { "osm_id": "11880934699", "code": 5209, "fclass": "street_lamp" }, "geometry": { "type": "Point", "coordinates": [ 13.3597171, 52.5203132 ] } },
{ "type": "Feature", "properties": { "osm_id": "11880934700", "code": 5209, "fclass": "street_lamp" }, "geometry": { "type": "Point", "coordinates": [ 13.3597176, 52.5202648 ] } },
{ "type": "Feature", "properties": { "osm_id": "11880934701", "code": 5209, "fclass": "street_lamp" }, "geometry": { "type": "Point", "coordinates": [ 13.3596992, 52.5202226 ] } },
{ "type": "Feature", "properties": { "osm_id": "11880934702", "code": 5209, "fclass": "street_lamp" }, "geometry": { "type": "Point", "coordinates": [ 13.3597024, 52.5201729 ] } },
{ "type": "Feature", "properties": { "osm_id": "11880934703", "code": 5209, "fclass": "street_lamp" }, "geometry": { "type": "Point", "coordinates": [ 13.3597033, 52.5201238 ] } },
{ "type": "Feature", "properties": { "osm_id": "11880934704", "code": 5209, "fclass": "street_lamp" }, "geometry": { "type": "Point", "coordinates": [ 13.3596936, 52.5200832 ] } },
{ "type": "Feature", "properties": { "osm_id": "11880934705", "code": 5209, "fclass": "street_lamp" }, "geometry": { "type": "Point", "coordinates": [ 13.3596929, 52.5200434 ] } },
{ "type": "Feature", "properties": { "osm_id": "11880934706", "code": 5209, "fclass": "street_lamp" }, "geometry": { "type": "Point", "coordinates": [ 13.3596968, 52.5199902 ] } },
{ "type": "Feature", "properties": { "osm_id": "11880934707", "code": 5209, "fclass": "street_lamp" }, "geometry": { "type": "Point", "coordinates": [ 13.359712, 52.5198572 ] } },
{ "type": "Feature", "properties": { "osm_id": "11880934708", "code": 5209, "fclass": "street_lamp" }, "geometry": { "type": "Point", "coordinates": [ 13.3597207, 52.5197439 ] } },
{ "type": "Feature", "properties": { "osm_id": "11889632338", "code": 5209, "fclass": "street_lamp" }, "geometry": { "type": "Point", "coordinates": [ 13.3433253, 52.5242202 ] } },
{ "type": "Feature", "properties": { "osm_id": "11889632339", "code": 5209, "fclass": "street_lamp" }, "geometry": { "type": "Point", "coordinates": [ 13.3432879, 52.5240986 ] } },
{ "type": "Feature", "properties": { "osm_id": "11889632340", "code": 5209, "fclass": "street_lamp" }, "geometry": { "type": "Point", "coordinates": [ 13.3436387, 52.5241686 ] } },
{ "type": "Feature", "properties": { "osm_id": "11889632341", "code": 5209, "fclass": "street_lamp" }, "geometry": { "type": "Point", "coordinates": [ 13.3436185, 52.5240541 ] } },
{ "type": "Feature", "properties": { "osm_id": "11889632342", "code": 5209, "fclass": "street_lamp" }, "geometry": { "type": "Point", "coordinates": [ 13.3439278, 52.524193 ] } },
{ "type": "Feature", "properties": { "osm_id": "11889632343", "code": 5209, "fclass": "street_lamp" }, "geometry": { "type": "Point", "coordinates": [ 13.3438625, 52.5239867 ] } },
{ "type": "Feature", "properties": { "osm_id": "11889665191", "code": 5209, "fclass": "street_lamp" }, "geometry": { "type": "Point", "coordinates": [ 13.358912, 52.5220839 ] } },
{ "type": "Feature", "properties": { "osm_id": "11889665192", "code": 5209, "fclass": "street_lamp" }, "geometry": { "type": "Point", "coordinates": [ 13.3591112, 52.5220033 ] } },
{ "type": "Feature", "properties": { "osm_id": "11889665193", "code": 5209, "fclass": "street_lamp" }, "geometry": { "type": "Point", "coordinates": [ 13.3590347, 52.5218713 ] } },
{ "type": "Feature", "properties": { "osm_id": "11889665194", "code": 5209, "fclass": "street_lamp" }, "geometry": { "type": "Point", "coordinates": [ 13.3588855, 52.5215804 ] } },
{ "type": "Feature", "properties": { "osm_id": "11889665196", "code": 5209, "fclass": "street_lamp" }, "geometry": { "type": "Point", "coordinates": [ 13.3588442, 52.5213012 ] } },
{ "type": "Feature", "properties": { "osm_id": "11889665197", "code": 5209, "fclass": "street_lamp" }, "geometry": { "type": "Point", "coordinates": [ 13.3587646, 52.5210664 ] } },
{ "type": "Feature", "properties": { "osm_id": "11889665198", "code": 5209, "fclass": "street_lamp" }, "geometry": { "type": "Point", "coordinates": [ 13.3590434, 52.5209524 ] } },
{ "type": "Feature", "properties": { "osm_id": "11889666173", "code": 5209, "fclass": "street_lamp" }, "geometry": { "type": "Point", "coordinates": [ 13.3592536, 52.5231562 ] } },
{ "type": "Feature", "properties": { "osm_id": "11889666175", "code": 5209, "fclass": "street_lamp" }, "geometry": { "type": "Point", "coordinates": [ 13.3591984, 52.5229121 ] } },
{ "type": "Feature", "properties": { "osm_id": "11889666177", "code": 5209, "fclass": "street_lamp" }, "geometry": { "type": "Point", "coordinates": [ 13.3591364, 52.52266 ] } },
{ "type": "Feature", "properties": { "osm_id": "11889666178", "code": 5209, "fclass": "street_lamp" }, "geometry": { "type": "Point", "coordinates": [ 13.359094, 52.5224699 ] } },
{ "type": "Feature", "properties": { "osm_id": "11889666179", "code": 5209, "fclass": "street_lamp" }, "geometry": { "type": "Point", "coordinates": [ 13.3591572, 52.5222195 ] } },
{ "type": "Feature", "properties": { "osm_id": "11896484528", "code": 5209, "fclass": "street_lamp" }, "geometry": { "type": "Point", "coordinates": [ 13.3584305, 52.5209988 ] } },
{ "type": "Feature", "properties": { "osm_id": "11896484533", "code": 5209, "fclass": "street_lamp" }, "geometry": { "type": "Point", "coordinates": [ 13.357823, 52.52098 ] } },
{ "type": "Feature", "properties": { "osm_id": "11896484537", "code": 5209, "fclass": "street_lamp" }, "geometry": { "type": "Point", "coordinates": [ 13.3571806, 52.5209672 ] } },
{ "type": "Feature", "properties": { "osm_id": "11896484541", "code": 5209, "fclass": "street_lamp" }, "geometry": { "type": "Point", "coordinates": [ 13.3566246, 52.5209423 ] } },
{ "type": "Feature", "properties": { "osm_id": "11896488236", "code": 5209, "fclass": "street_lamp" }, "geometry": { "type": "Point", "coordinates": [ 13.352534, 52.5213596 ] } },
{ "type": "Feature", "properties": { "osm_id": "11896488237", "code": 5209, "fclass": "street_lamp" }, "geometry": { "type": "Point", "coordinates": [ 13.3555302, 52.5209716 ] } },
{ "type": "Feature", "properties": { "osm_id": "11896488241", "code": 5209, "fclass": "street_lamp" }, "geometry": { "type": "Point", "coordinates": [ 13.3548886, 52.521061 ] } },
{ "type": "Feature", "properties": { "osm_id": "11896488244", "code": 5209, "fclass": "street_lamp" }, "geometry": { "type": "Point", "coordinates": [ 13.3542751, 52.5211339 ] } },
{ "type": "Feature", "properties": { "osm_id": "11896488249", "code": 5209, "fclass": "street_lamp" }, "geometry": { "type": "Point", "coordinates": [ 13.353741, 52.521206 ] } },
{ "type": "Feature", "properties": { "osm_id": "11896488253", "code": 5209, "fclass": "street_lamp" }, "geometry": { "type": "Point", "coordinates": [ 13.3530719, 52.5213262 ] } },
{ "type": "Feature", "properties": { "osm_id": "11896488254", "code": 5209, "fclass": "street_lamp" }, "geometry": { "type": "Point", "coordinates": [ 13.3528654, 52.521326 ] } },
{ "type": "Feature", "properties": { "osm_id": "11896488264", "code": 5209, "fclass": "street_lamp" }, "geometry": { "type": "Point", "coordinates": [ 13.3518663, 52.5214434 ] } },
{ "type": "Feature", "properties": { "osm_id": "11896488268", "code": 5209, "fclass": "street_lamp" }, "geometry": { "type": "Point", "coordinates": [ 13.3515462, 52.5215133 ] } },
{ "type": "Feature", "properties": { "osm_id": "11896506972", "code": 5209, "fclass": "street_lamp" }, "geometry": { "type": "Point", "coordinates": [ 13.3516446, 52.5218006 ] } },
{ "type": "Feature", "properties": { "osm_id": "11896506976", "code": 5209, "fclass": "street_lamp" }, "geometry": { "type": "Point", "coordinates": [ 13.351727, 52.522089 ] } },
{ "type": "Feature", "properties": { "osm_id": "11896506980", "code": 5209, "fclass": "street_lamp" }, "geometry": { "type": "Point", "coordinates": [ 13.3518477, 52.5223839 ] } },
{ "type": "Feature", "properties": { "osm_id": "11896506989", "code": 5209, "fclass": "street_lamp" }, "geometry": { "type": "Point", "coordinates": [ 13.3520828, 52.5230761 ] } },
{ "type": "Feature", "properties": { "osm_id": "11896506993", "code": 5209, "fclass": "street_lamp" }, "geometry": { "type": "Point", "coordinates": [ 13.3521848, 52.5233557 ] } },
{ "type": "Feature", "properties": { "osm_id": "11896506996", "code": 5209, "fclass": "street_lamp" }, "geometry": { "type": "Point", "coordinates": [ 13.3522907, 52.5236756 ] } },
{ "type": "Feature", "properties": { "osm_id": "11896509535", "code": 5209, "fclass": "street_lamp" }, "geometry": { "type": "Point", "coordinates": [ 13.3509745, 52.5246529 ] } },
{ "type": "Feature", "properties": { "osm_id": "11896509537", "code": 5209, "fclass": "street_lamp" }, "geometry": { "type": "Point", "coordinates": [ 13.3510407, 52.5248379 ] } },
{ "type": "Feature", "properties": { "osm_id": "11896509539", "code": 5209, "fclass": "street_lamp" }, "geometry": { "type": "Point", "coordinates": [ 13.3511221, 52.5250579 ] } },
{ "type": "Feature", "properties": { "osm_id": "11896509540", "code": 5209, "fclass": "street_lamp" }, "geometry": { "type": "Point", "coordinates": [ 13.3512168, 52.5252779 ] } },
{ "type": "Feature", "properties": { "osm_id": "11896509541", "code": 5209, "fclass": "street_lamp" }, "geometry": { "type": "Point", "coordinates": [ 13.3512991, 52.5255121 ] } },
{ "type": "Feature", "properties": { "osm_id": "11896509542", "code": 5209, "fclass": "street_lamp" }, "geometry": { "type": "Point", "coordinates": [ 13.3513903, 52.5257259 ] } },
{ "type": "Feature", "properties": { "osm_id": "11896509543", "code": 5209, "fclass": "street_lamp" }, "geometry": { "type": "Point", "coordinates": [ 13.3514743, 52.525953 ] } },
{ "type": "Feature", "properties": { "osm_id": "11896509546", "code": 5209, "fclass": "street_lamp" }, "geometry": { "type": "Point", "coordinates": [ 13.3515466, 52.5261555 ] } },
{ "type": "Feature", "properties": { "osm_id": "11896539332", "code": 5209, "fclass": "street_lamp" }, "geometry": { "type": "Point", "coordinates": [ 13.3461333, 52.5248169 ] } },
{ "type": "Feature", "properties": { "osm_id": "11896539333", "code": 5209, "fclass": "street_lamp" }, "geometry": { "type": "Point", "coordinates": [ 13.3462938, 52.5247911 ] } },
{ "type": "Feature", "properties": { "osm_id": "11896539334", "code": 5209, "fclass": "street_lamp" }, "geometry": { "type": "Point", "coordinates": [ 13.3460098, 52.52448 ] } },
{ "type": "Feature", "properties": { "osm_id": "11896539335", "code": 5209, "fclass": "street_lamp" }, "geometry": { "type": "Point", "coordinates": [ 13.3459644, 52.5243027 ] } },
{ "type": "Feature", "properties": { "osm_id": "11896539336", "code": 5209, "fclass": "street_lamp" }, "geometry": { "type": "Point", "coordinates": [ 13.3458873, 52.5240906 ] } },
{ "type": "Feature", "properties": { "osm_id": "11896577408", "code": 5209, "fclass": "street_lamp" }, "geometry": { "type": "Point", "coordinates": [ 13.3459544, 52.5239041 ] } },
{ "type": "Feature", "properties": { "osm_id": "11897044592", "code": 5209, "fclass": "street_lamp" }, "geometry": { "type": "Point", "coordinates": [ 13.3675494, 52.5218183 ] } },
{ "type": "Feature", "properties": { "osm_id": "11897044594", "code": 5209, "fclass": "street_lamp" }, "geometry": { "type": "Point", "coordinates": [ 13.367123, 52.5215803 ] } },
{ "type": "Feature", "properties": { "osm_id": "11897044595", "code": 5209, "fclass": "street_lamp" }, "geometry": { "type": "Point", "coordinates": [ 13.3668619, 52.5215437 ] } },
{ "type": "Feature", "properties": { "osm_id": "11897044596", "code": 5209, "fclass": "street_lamp" }, "geometry": { "type": "Point", "coordinates": [ 13.3667815, 52.5214104 ] } },
{ "type": "Feature", "properties": { "osm_id": "11897044599", "code": 5209, "fclass": "street_lamp" }, "geometry": { "type": "Point", "coordinates": [ 13.36646, 52.5213503 ] } },
{ "type": "Feature", "properties": { "osm_id": "11897044600", "code": 5209, "fclass": "street_lamp" }, "geometry": { "type": "Point", "coordinates": [ 13.3663616, 52.5211913 ] } },
{ "type": "Feature", "properties": { "osm_id": "11897044601", "code": 5209, "fclass": "street_lamp" }, "geometry": { "type": "Point", "coordinates": [ 13.3660792, 52.5211362 ] } },
{ "type": "Feature", "properties": { "osm_id": "11898842237", "code": 5209, "fclass": "street_lamp" }, "geometry": { "type": "Point", "coordinates": [ 13.3581251, 52.5208472 ] } },
{ "type": "Feature", "properties": { "osm_id": "11898842238", "code": 5209, "fclass": "street_lamp" }, "geometry": { "type": "Point", "coordinates": [ 13.3575119, 52.5208443 ] } },
{ "type": "Feature", "properties": { "osm_id": "11898842239", "code": 5209, "fclass": "street_lamp" }, "geometry": { "type": "Point", "coordinates": [ 13.3569204, 52.5208277 ] } },
{ "type": "Feature", "properties": { "osm_id": "11898842243", "code": 5209, "fclass": "street_lamp" }, "geometry": { "type": "Point", "coordinates": [ 13.3563248, 52.5208094 ] } },
{ "type": "Feature", "properties": { "osm_id": "11898845000", "code": 5209, "fclass": "street_lamp" }, "geometry": { "type": "Point", "coordinates": [ 13.3590861, 52.5213856 ] } },
{ "type": "Feature", "properties": { "osm_id": "11898845001", "code": 5209, "fclass": "street_lamp" }, "geometry": { "type": "Point", "coordinates": [ 13.3591491, 52.5215933 ] } },
{ "type": "Feature", "properties": { "osm_id": "11898845002", "code": 5209, "fclass": "street_lamp" }, "geometry": { "type": "Point", "coordinates": [ 13.3592294, 52.5218735 ] } },
{ "type": "Feature", "properties": { "osm_id": "11898845003", "code": 5209, "fclass": "street_lamp" }, "geometry": { "type": "Point", "coordinates": [ 13.3593021, 52.5221052 ] } },
{ "type": "Feature", "properties": { "osm_id": "11898845004", "code": 5209, "fclass": "street_lamp" }, "geometry": { "type": "Point", "coordinates": [ 13.3593571, 52.5223043 ] } },
{ "type": "Feature", "properties": { "osm_id": "11898845005", "code": 5209, "fclass": "street_lamp" }, "geometry": { "type": "Point", "coordinates": [ 13.3593997, 52.5225412 ] } },
{ "type": "Feature", "properties": { "osm_id": "11898845006", "code": 5209, "fclass": "street_lamp" }, "geometry": { "type": "Point", "coordinates": [ 13.3594078, 52.5227637 ] } },
{ "type": "Feature", "properties": { "osm_id": "11898856181", "code": 5209, "fclass": "street_lamp" }, "geometry": { "type": "Point", "coordinates": [ 13.3594673, 52.5230506 ] } },
{ "type": "Feature", "properties": { "osm_id": "11898856641", "code": 5209, "fclass": "street_lamp" }, "geometry": { "type": "Point", "coordinates": [ 13.3552891, 52.5208791 ] } },
{ "type": "Feature", "properties": { "osm_id": "11898856645", "code": 5209, "fclass": "street_lamp" }, "geometry": { "type": "Point", "coordinates": [ 13.3545443, 52.5209749 ] } },
{ "type": "Feature", "properties": { "osm_id": "11898856649", "code": 5209, "fclass": "street_lamp" }, "geometry": { "type": "Point", "coordinates": [ 13.3539423, 52.5210508 ] } },
{ "type": "Feature", "properties": { "osm_id": "11898856655", "code": 5209, "fclass": "street_lamp" }, "geometry": { "type": "Point", "coordinates": [ 13.353364, 52.5211417 ] } },
{ "type": "Feature", "properties": { "osm_id": "11898856658", "code": 5209, "fclass": "street_lamp" }, "geometry": { "type": "Point", "coordinates": [ 13.353005, 52.5211396 ] } },
{ "type": "Feature", "properties": { "osm_id": "11898856659", "code": 5209, "fclass": "street_lamp" }, "geometry": { "type": "Point", "coordinates": [ 13.3528078, 52.5211638 ] } },
{ "type": "Feature", "properties": { "osm_id": "11898856663", "code": 5209, "fclass": "street_lamp" }, "geometry": { "type": "Point", "coordinates": [ 13.3521761, 52.5212792 ] } },
{ "type": "Feature", "properties": { "osm_id": "11898859476", "code": 5209, "fclass": "street_lamp" }, "geometry": { "type": "Point", "coordinates": [ 13.3514817, 52.5213529 ] } },
{ "type": "Feature", "properties": { "osm_id": "11898859479", "code": 5209, "fclass": "street_lamp" }, "geometry": { "type": "Point", "coordinates": [ 13.3513827, 52.521042 ] } },
{ "type": "Feature", "properties": { "osm_id": "11898859481", "code": 5209, "fclass": "street_lamp" }, "geometry": { "type": "Point", "coordinates": [ 13.351287, 52.520755 ] } },
{ "type": "Feature", "properties": { "osm_id": "11898859485", "code": 5209, "fclass": "street_lamp" }, "geometry": { "type": "Point", "coordinates": [ 13.3511685, 52.5204231 ] } },
{ "type": "Feature", "properties": { "osm_id": "11898864440", "code": 5209, "fclass": "street_lamp" }, "geometry": { "type": "Point", "coordinates": [ 13.3509715, 52.5206097 ] } },
{ "type": "Feature", "properties": { "osm_id": "11898864444", "code": 5209, "fclass": "street_lamp" }, "geometry": { "type": "Point", "coordinates": [ 13.3510771, 52.5209472 ] } },
{ "type": "Feature", "properties": { "osm_id": "11898864448", "code": 5209, "fclass": "street_lamp" }, "geometry": { "type": "Point", "coordinates": [ 13.3511952, 52.5212099 ] } },
{ "type": "Feature", "properties": { "osm_id": "11898864452", "code": 5209, "fclass": "street_lamp" }, "geometry": { "type": "Point", "coordinates": [ 13.3512851, 52.5214452 ] } },
{ "type": "Feature", "properties": { "osm_id": "11898884630", "code": 5209, "fclass": "street_lamp" }, "geometry": { "type": "Point", "coordinates": [ 13.3604323, 52.5230791 ] } },
{ "type": "Feature", "properties": { "osm_id": "11898884634", "code": 5209, "fclass": "street_lamp" }, "geometry": { "type": "Point", "coordinates": [ 13.3596539, 52.5212327 ] } },
{ "type": "Feature", "properties": { "osm_id": "11898884639", "code": 5209, "fclass": "street_lamp" }, "geometry": { "type": "Point", "coordinates": [ 13.3599738, 52.5231552 ] } },
{ "type": "Feature", "properties": { "osm_id": "11898884640", "code": 5209, "fclass": "street_lamp" }, "geometry": { "type": "Point", "coordinates": [ 13.3600891, 52.5231418 ] } },
{ "type": "Feature", "properties": { "osm_id": "11898884647", "code": 5209, "fclass": "street_lamp" }, "geometry": { "type": "Point", "coordinates": [ 13.3618645, 52.5229222 ] } },
{ "type": "Feature", "properties": { "osm_id": "11898884650", "code": 5209, "fclass": "street_lamp" }, "geometry": { "type": "Point", "coordinates": [ 13.3622661, 52.5228682 ] } },
{ "type": "Feature", "properties": { "osm_id": "11898884653", "code": 5209, "fclass": "street_lamp" }, "geometry": { "type": "Point", "coordinates": [ 13.3623262, 52.5226001 ] } },
{ "type": "Feature", "properties": { "osm_id": "11898884656", "code": 5209, "fclass": "street_lamp" }, "geometry": { "type": "Point", "coordinates": [ 13.3618134, 52.5223291 ] } },
{ "type": "Feature", "properties": { "osm_id": "11898884657", "code": 5209, "fclass": "street_lamp" }, "geometry": { "type": "Point", "coordinates": [ 13.3614186, 52.5221289 ] } },
{ "type": "Feature", "properties": { "osm_id": "11898884661", "code": 5209, "fclass": "street_lamp" }, "geometry": { "type": "Point", "coordinates": [ 13.3609848, 52.5219011 ] } },
{ "type": "Feature", "properties": { "osm_id": "11898884663", "code": 5209, "fclass": "street_lamp" }, "geometry": { "type": "Point", "coordinates": [ 13.3605083, 52.5216656 ] } },
{ "type": "Feature", "properties": { "osm_id": "11898884664", "code": 5209, "fclass": "street_lamp" }, "geometry": { "type": "Point", "coordinates": [ 13.360401, 52.5214597 ] } },
{ "type": "Feature", "properties": { "osm_id": "11898884665", "code": 5209, "fclass": "street_lamp" }, "geometry": { "type": "Point", "coordinates": [ 13.3600743, 52.5214383 ] } },
{ "type": "Feature", "properties": { "osm_id": "11903188374", "code": 5209, "fclass": "street_lamp" }, "geometry": { "type": "Point", "coordinates": [ 13.3575158, 52.5189859 ] } },
{ "type": "Feature", "properties": { "osm_id": "11907792596", "code": 5209, "fclass": "street_lamp" }, "geometry": { "type": "Point", "coordinates": [ 13.3715542, 52.5236018 ] } },
{ "type": "Feature", "properties": { "osm_id": "11907792597", "code": 5209, "fclass": "street_lamp" }, "geometry": { "type": "Point", "coordinates": [ 13.3712936, 52.5235844 ] } },
{ "type": "Feature", "properties": { "osm_id": "11907792598", "code": 5209, "fclass": "street_lamp" }, "geometry": { "type": "Point", "coordinates": [ 13.3710509, 52.5235512 ] } },
{ "type": "Feature", "properties": { "osm_id": "11907792599", "code": 5209, "fclass": "street_lamp" }, "geometry": { "type": "Point", "coordinates": [ 13.3708341, 52.5235194 ] } },
{ "type": "Feature", "properties": { "osm_id": "11907824434", "code": 5209, "fclass": "street_lamp" }, "geometry": { "type": "Point", "coordinates": [ 13.3662773, 52.5231025 ] } },
{ "type": "Feature", "properties": { "osm_id": "11907824435", "code": 5209, "fclass": "street_lamp" }, "geometry": { "type": "Point", "coordinates": [ 13.3662845, 52.5228376 ] } },
{ "type": "Feature", "properties": { "osm_id": "11907843206", "code": 5209, "fclass": "street_lamp" }, "geometry": { "type": "Point", "coordinates": [ 13.3680775, 52.5232089 ] } },
{ "type": "Feature", "properties": { "osm_id": "11907843207", "code": 5209, "fclass": "street_lamp" }, "geometry": { "type": "Point", "coordinates": [ 13.3677396, 52.5232048 ] } },
{ "type": "Feature", "properties": { "osm_id": "11907843208", "code": 5209, "fclass": "street_lamp" }, "geometry": { "type": "Point", "coordinates": [ 13.3674088, 52.5232083 ] } },
{ "type": "Feature", "properties": { "osm_id": "11907843209", "code": 5209, "fclass": "street_lamp" }, "geometry": { "type": "Point", "coordinates": [ 13.3670292, 52.523211 ] } },
{ "type": "Feature", "properties": { "osm_id": "11907843210", "code": 5209, "fclass": "street_lamp" }, "geometry": { "type": "Point", "coordinates": [ 13.3667101, 52.5233133 ] } },
{ "type": "Feature", "properties": { "osm_id": "11907843211", "code": 5209, "fclass": "street_lamp" }, "geometry": { "type": "Point", "coordinates": [ 13.3666899, 52.5232059 ] } },
{ "type": "Feature", "properties": { "osm_id": "11933396804", "code": 5209, "fclass": "street_lamp" }, "geometry": { "type": "Point", "coordinates": [ 13.3643796, 52.5236752 ] } },
{ "type": "Feature", "properties": { "osm_id": "11933396805", "code": 5209, "fclass": "street_lamp" }, "geometry": { "type": "Point", "coordinates": [ 13.3640719, 52.5234841 ] } },
{ "type": "Feature", "properties": { "osm_id": "11933396806", "code": 5209, "fclass": "street_lamp" }, "geometry": { "type": "Point", "coordinates": [ 13.36378, 52.5232894 ] } },
{ "type": "Feature", "properties": { "osm_id": "11933396807", "code": 5209, "fclass": "street_lamp" }, "geometry": { "type": "Point", "coordinates": [ 13.3626699, 52.5227757 ] } },
{ "type": "Feature", "properties": { "osm_id": "11933396808", "code": 5209, "fclass": "street_lamp" }, "geometry": { "type": "Point", "coordinates": [ 13.3626178, 52.5225966 ] } },
{ "type": "Feature", "properties": { "osm_id": "11933396809", "code": 5209, "fclass": "street_lamp" }, "geometry": { "type": "Point", "coordinates": [ 13.3621797, 52.5223631 ] } },
{ "type": "Feature", "properties": { "osm_id": "11933396810", "code": 5209, "fclass": "street_lamp" }, "geometry": { "type": "Point", "coordinates": [ 13.3617267, 52.5221389 ] } },
{ "type": "Feature", "properties": { "osm_id": "11933396811", "code": 5209, "fclass": "street_lamp" }, "geometry": { "type": "Point", "coordinates": [ 13.361318, 52.5219296 ] } },
{ "type": "Feature", "properties": { "osm_id": "11933396812", "code": 5209, "fclass": "street_lamp" }, "geometry": { "type": "Point", "coordinates": [ 13.360861, 52.5216961 ] } },
{ "type": "Feature", "properties": { "osm_id": "11933396813", "code": 5209, "fclass": "street_lamp" }, "geometry": { "type": "Point", "coordinates": [ 13.3605971, 52.5215591 ] } },
{ "type": "Feature", "properties": { "osm_id": "11933396814", "code": 5209, "fclass": "street_lamp" }, "geometry": { "type": "Point", "coordinates": [ 13.3599656, 52.5212355 ] } },
{ "type": "Feature", "properties": { "osm_id": "11933396815", "code": 5209, "fclass": "street_lamp" }, "geometry": { "type": "Point", "coordinates": [ 13.3595004, 52.5209986 ] } },
{ "type": "Feature", "properties": { "osm_id": "11933396816", "code": 5209, "fclass": "street_lamp" }, "geometry": { "type": "Point", "coordinates": [ 13.3590917, 52.5207884 ] } },
{ "type": "Feature", "properties": { "osm_id": "11933396817", "code": 5209, "fclass": "street_lamp" }, "geometry": { "type": "Point", "coordinates": [ 13.3586112, 52.5205477 ] } },
{ "type": "Feature", "properties": { "osm_id": "11933396818", "code": 5209, "fclass": "street_lamp" }, "geometry": { "type": "Point", "coordinates": [ 13.3581639, 52.5203299 ] } },
{ "type": "Feature", "properties": { "osm_id": "11933396819", "code": 5209, "fclass": "street_lamp" }, "geometry": { "type": "Point", "coordinates": [ 13.3576253, 52.5201157 ] } },
{ "type": "Feature", "properties": { "osm_id": "11933396820", "code": 5209, "fclass": "street_lamp" }, "geometry": { "type": "Point", "coordinates": [ 13.3570826, 52.5199407 ] } },
{ "type": "Feature", "properties": { "osm_id": "11933396821", "code": 5209, "fclass": "street_lamp" }, "geometry": { "type": "Point", "coordinates": [ 13.355992, 52.5196976 ] } },
{ "type": "Feature", "properties": { "osm_id": "12030895567", "code": 5209, "fclass": "street_lamp" }, "geometry": { "type": "Point", "coordinates": [ 13.3392738, 52.5222134 ] } },
{ "type": "Feature", "properties": { "osm_id": "12030947951", "code": 5209, "fclass": "street_lamp" }, "geometry": { "type": "Point", "coordinates": [ 13.3400131, 52.5226756 ] } },
{ "type": "Feature", "properties": { "osm_id": "12030991006", "code": 5209, "fclass": "street_lamp" }, "geometry": { "type": "Point", "coordinates": [ 13.3391083, 52.5220627 ] } },
{ "type": "Feature", "properties": { "osm_id": "12030998580", "code": 5209, "fclass": "street_lamp" }, "geometry": { "type": "Point", "coordinates": [ 13.3402908, 52.5227911 ] } },
{ "type": "Feature", "properties": { "osm_id": "12030998685", "code": 5209, "fclass": "street_lamp" }, "geometry": { "type": "Point", "coordinates": [ 13.3394517, 52.5223411 ] } },
{ "type": "Feature", "properties": { "osm_id": "12031008390", "code": 5209, "fclass": "street_lamp" }, "geometry": { "type": "Point", "coordinates": [ 13.3397353, 52.5225184 ] } },
{ "type": "Feature", "properties": { "osm_id": "12031012076", "code": 5209, "fclass": "street_lamp" }, "geometry": { "type": "Point", "coordinates": [ 13.3397826, 52.5226654 ] } },
{ "type": "Feature", "properties": { "osm_id": "12057809359", "code": 5209, "fclass": "street_lamp" }, "geometry": { "type": "Point", "coordinates": [ 13.3628394, 52.5361592 ] } },
{ "type": "Feature", "properties": { "osm_id": "12058035612", "code": 5209, "fclass": "street_lamp" }, "geometry": { "type": "Point", "coordinates": [ 13.3643757, 52.5346824 ] } },
{ "type": "Feature", "properties": { "osm_id": "12058035613", "code": 5209, "fclass": "street_lamp" }, "geometry": { "type": "Point", "coordinates": [ 13.3641161, 52.5349484 ] } },
{ "type": "Feature", "properties": { "osm_id": "12058035619", "code": 5209, "fclass": "street_lamp" }, "geometry": { "type": "Point", "coordinates": [ 13.3638636, 52.5352106 ] } },
{ "type": "Feature", "properties": { "osm_id": "12058035620", "code": 5209, "fclass": "street_lamp" }, "geometry": { "type": "Point", "coordinates": [ 13.3636135, 52.5354638 ] } },
{ "type": "Feature", "properties": { "osm_id": "12058035621", "code": 5209, "fclass": "street_lamp" }, "geometry": { "type": "Point", "coordinates": [ 13.3632398, 52.5356045 ] } },
{ "type": "Feature", "properties": { "osm_id": "12058035637", "code": 5209, "fclass": "street_lamp" }, "geometry": { "type": "Point", "coordinates": [ 13.3647973, 52.5342609 ] } },
{ "type": "Feature", "properties": { "osm_id": "12058035640", "code": 5209, "fclass": "street_lamp" }, "geometry": { "type": "Point", "coordinates": [ 13.3650324, 52.5340224 ] } },
{ "type": "Feature", "properties": { "osm_id": "12058059791", "code": 5209, "fclass": "street_lamp" }, "geometry": { "type": "Point", "coordinates": [ 13.3611577, 52.5368109 ] } },
{ "type": "Feature", "properties": { "osm_id": "12058059792", "code": 5209, "fclass": "street_lamp" }, "geometry": { "type": "Point", "coordinates": [ 13.3608483, 52.536982 ] } },
{ "type": "Feature", "properties": { "osm_id": "12058075481", "code": 5209, "fclass": "street_lamp" }, "geometry": { "type": "Point", "coordinates": [ 13.3652495, 52.5337993 ] } },
{ "type": "Feature", "properties": { "osm_id": "12058075484", "code": 5209, "fclass": "street_lamp" }, "geometry": { "type": "Point", "coordinates": [ 13.3655375, 52.5335065 ] } },
{ "type": "Feature", "properties": { "osm_id": "12058075486", "code": 5209, "fclass": "street_lamp" }, "geometry": { "type": "Point", "coordinates": [ 13.3657724, 52.5332696 ] } },
{ "type": "Feature", "properties": { "osm_id": "12059568411", "code": 5209, "fclass": "street_lamp" }, "geometry": { "type": "Point", "coordinates": [ 13.3689437, 52.5300506 ] } },
{ "type": "Feature", "properties": { "osm_id": "12059568414", "code": 5209, "fclass": "street_lamp" }, "geometry": { "type": "Point", "coordinates": [ 13.3686997, 52.5302999 ] } },
{ "type": "Feature", "properties": { "osm_id": "12059568418", "code": 5209, "fclass": "street_lamp" }, "geometry": { "type": "Point", "coordinates": [ 13.3684285, 52.5305748 ] } },
{ "type": "Feature", "properties": { "osm_id": "12059568420", "code": 5209, "fclass": "street_lamp" }, "geometry": { "type": "Point", "coordinates": [ 13.3681484, 52.53086 ] } },
{ "type": "Feature", "properties": { "osm_id": "12059568423", "code": 5209, "fclass": "street_lamp" }, "geometry": { "type": "Point", "coordinates": [ 13.3678908, 52.531117 ] } },
{ "type": "Feature", "properties": { "osm_id": "12059568427", "code": 5209, "fclass": "street_lamp" }, "geometry": { "type": "Point", "coordinates": [ 13.3676786, 52.531335 ] } },
{ "type": "Feature", "properties": { "osm_id": "12059568428", "code": 5209, "fclass": "street_lamp" }, "geometry": { "type": "Point", "coordinates": [ 13.3674845, 52.5315312 ] } },
{ "type": "Feature", "properties": { "osm_id": "12059568430", "code": 5209, "fclass": "street_lamp" }, "geometry": { "type": "Point", "coordinates": [ 13.3672662, 52.5317516 ] } },
{ "type": "Feature", "properties": { "osm_id": "12059568432", "code": 5209, "fclass": "street_lamp" }, "geometry": { "type": "Point", "coordinates": [ 13.3668101, 52.5321804 ] } },
{ "type": "Feature", "properties": { "osm_id": "12059568434", "code": 5209, "fclass": "street_lamp" }, "geometry": { "type": "Point", "coordinates": [ 13.3665872, 52.5324411 ] } },
{ "type": "Feature", "properties": { "osm_id": "12059568438", "code": 5209, "fclass": "street_lamp" }, "geometry": { "type": "Point", "coordinates": [ 13.3663612, 52.5326739 ] } },
{ "type": "Feature", "properties": { "osm_id": "12059568441", "code": 5209, "fclass": "street_lamp" }, "geometry": { "type": "Point", "coordinates": [ 13.3660718, 52.5329708 ] } },
{ "type": "Feature", "properties": { "osm_id": "12060194454", "code": 5209, "fclass": "street_lamp" }, "geometry": { "type": "Point", "coordinates": [ 13.3490057, 52.5228764 ] } },
{ "type": "Feature", "properties": { "osm_id": "12060230469", "code": 5209, "fclass": "street_lamp" }, "geometry": { "type": "Point", "coordinates": [ 13.3495737, 52.5242516 ] } },
{ "type": "Feature", "properties": { "osm_id": "12063620290", "code": 5209, "fclass": "street_lamp" }, "geometry": { "type": "Point", "coordinates": [ 13.3678263, 52.530747 ] } },
{ "type": "Feature", "properties": { "osm_id": "12063620293", "code": 5209, "fclass": "street_lamp" }, "geometry": { "type": "Point", "coordinates": [ 13.3675746, 52.5310008 ] } },
{ "type": "Feature", "properties": { "osm_id": "12063620294", "code": 5209, "fclass": "street_lamp" }, "geometry": { "type": "Point", "coordinates": [ 13.3673589, 52.5312217 ] } },
{ "type": "Feature", "properties": { "osm_id": "12063620297", "code": 5209, "fclass": "street_lamp" }, "geometry": { "type": "Point", "coordinates": [ 13.3671712, 52.5314108 ] } },
{ "type": "Feature", "properties": { "osm_id": "12063681616", "code": 5209, "fclass": "street_lamp" }, "geometry": { "type": "Point", "coordinates": [ 13.3690315, 52.5293986 ] } },
{ "type": "Feature", "properties": { "osm_id": "12063681619", "code": 5209, "fclass": "street_lamp" }, "geometry": { "type": "Point", "coordinates": [ 13.369196, 52.5291538 ] } },
{ "type": "Feature", "properties": { "osm_id": "12063681620", "code": 5209, "fclass": "street_lamp" }, "geometry": { "type": "Point", "coordinates": [ 13.3695462, 52.5292191 ] } },
{ "type": "Feature", "properties": { "osm_id": "12063681623", "code": 5209, "fclass": "street_lamp" }, "geometry": { "type": "Point", "coordinates": [ 13.369364, 52.5294888 ] } },
{ "type": "Feature", "properties": { "osm_id": "12075090031", "code": 5209, "fclass": "street_lamp" }, "geometry": { "type": "Point", "coordinates": [ 13.3684615, 52.5231499 ] } },
{ "type": "Feature", "properties": { "osm_id": "12075090036", "code": 5209, "fclass": "street_lamp" }, "geometry": { "type": "Point", "coordinates": [ 13.3687115, 52.5231247 ] } },
{ "type": "Feature", "properties": { "osm_id": "12075090037", "code": 5209, "fclass": "street_lamp" }, "geometry": { "type": "Point", "coordinates": [ 13.3687147, 52.5230756 ] } },
{ "type": "Feature", "properties": { "osm_id": "12075090038", "code": 5209, "fclass": "street_lamp" }, "geometry": { "type": "Point", "coordinates": [ 13.3687122, 52.523011 ] } },
{ "type": "Feature", "properties": { "osm_id": "12075090039", "code": 5209, "fclass": "street_lamp" }, "geometry": { "type": "Point", "coordinates": [ 13.3687277, 52.5229113 ] } },
{ "type": "Feature", "properties": { "osm_id": "12075090040", "code": 5209, "fclass": "street_lamp" }, "geometry": { "type": "Point", "coordinates": [ 13.3685728, 52.5228399 ] } },
{ "type": "Feature", "properties": { "osm_id": "12075090041", "code": 5209, "fclass": "street_lamp" }, "geometry": { "type": "Point", "coordinates": [ 13.368438, 52.5227692 ] } },
{ "type": "Feature", "properties": { "osm_id": "12075090042", "code": 5209, "fclass": "street_lamp" }, "geometry": { "type": "Point", "coordinates": [ 13.368616, 52.5229284 ] } },
{ "type": "Feature", "properties": { "osm_id": "12075090043", "code": 5209, "fclass": "street_lamp" }, "geometry": { "type": "Point", "coordinates": [ 13.3684439, 52.5229484 ] } },
{ "type": "Feature", "properties": { "osm_id": "12075090044", "code": 5209, "fclass": "street_lamp" }, "geometry": { "type": "Point", "coordinates": [ 13.3684643, 52.523023 ] } },
{ "type": "Feature", "properties": { "osm_id": "12075090045", "code": 5209, "fclass": "street_lamp" }, "geometry": { "type": "Point", "coordinates": [ 13.368596, 52.5230544 ] } },
{ "type": "Feature", "properties": { "osm_id": "12075090046", "code": 5209, "fclass": "street_lamp" }, "geometry": { "type": "Point", "coordinates": [ 13.3686005, 52.5231207 ] } },
{ "type": "Feature", "properties": { "osm_id": "12075090047", "code": 5209, "fclass": "street_lamp" }, "geometry": { "type": "Point", "coordinates": [ 13.3685869, 52.5229784 ] } },
{ "type": "Feature", "properties": { "osm_id": "12157995908", "code": 5209, "fclass": "street_lamp" }, "geometry": { "type": "Point", "coordinates": [ 13.3531247, 52.5214746 ] } },
{ "type": "Feature", "properties": { "osm_id": "12157995912", "code": 5209, "fclass": "street_lamp" }, "geometry": { "type": "Point", "coordinates": [ 13.3529846, 52.5216747 ] } },
{ "type": "Feature", "properties": { "osm_id": "12157995919", "code": 5209, "fclass": "street_lamp" }, "geometry": { "type": "Point", "coordinates": [ 13.3532352, 52.5217992 ] } },
{ "type": "Feature", "properties": { "osm_id": "12157995921", "code": 5209, "fclass": "street_lamp" }, "geometry": { "type": "Point", "coordinates": [ 13.3530938, 52.5219698 ] } },
{ "type": "Feature", "properties": { "osm_id": "12157995926", "code": 5209, "fclass": "street_lamp" }, "geometry": { "type": "Point", "coordinates": [ 13.3533792, 52.5222018 ] } },
{ "type": "Feature", "properties": { "osm_id": "12157995933", "code": 5209, "fclass": "street_lamp" }, "geometry": { "type": "Point", "coordinates": [ 13.3532188, 52.5223351 ] } },
{ "type": "Feature", "properties": { "osm_id": "12157995935", "code": 5209, "fclass": "street_lamp" }, "geometry": { "type": "Point", "coordinates": [ 13.3534941, 52.5225303 ] } },
{ "type": "Feature", "properties": { "osm_id": "12157995936", "code": 5209, "fclass": "street_lamp" }, "geometry": { "type": "Point", "coordinates": [ 13.3533438, 52.5226924 ] } },
{ "type": "Feature", "properties": { "osm_id": "12157995941", "code": 5209, "fclass": "street_lamp" }, "geometry": { "type": "Point", "coordinates": [ 13.353597, 52.5228318 ] } },
{ "type": "Feature", "properties": { "osm_id": "12158064766", "code": 5209, "fclass": "street_lamp" }, "geometry": { "type": "Point", "coordinates": [ 13.3523924, 52.5199689 ] } },
{ "type": "Feature", "properties": { "osm_id": "12158064767", "code": 5209, "fclass": "street_lamp" }, "geometry": { "type": "Point", "coordinates": [ 13.3526605, 52.5201496 ] } },
{ "type": "Feature", "properties": { "osm_id": "12158064768", "code": 5209, "fclass": "street_lamp" }, "geometry": { "type": "Point", "coordinates": [ 13.3525254, 52.5203451 ] } },
{ "type": "Feature", "properties": { "osm_id": "12158064769", "code": 5209, "fclass": "street_lamp" }, "geometry": { "type": "Point", "coordinates": [ 13.3528072, 52.5205464 ] } },
{ "type": "Feature", "properties": { "osm_id": "12158064773", "code": 5209, "fclass": "street_lamp" }, "geometry": { "type": "Point", "coordinates": [ 13.3526354, 52.5206959 ] } },
{ "type": "Feature", "properties": { "osm_id": "12158064777", "code": 5209, "fclass": "street_lamp" }, "geometry": { "type": "Point", "coordinates": [ 13.3529088, 52.5208173 ] } },
{ "type": "Feature", "properties": { "osm_id": "12158064782", "code": 5209, "fclass": "street_lamp" }, "geometry": { "type": "Point", "coordinates": [ 13.3527541, 52.5210074 ] } },
{ "type": "Feature", "properties": { "osm_id": "12158091705", "code": 5209, "fclass": "street_lamp" }, "geometry": { "type": "Point", "coordinates": [ 13.3534518, 52.5230312 ] } },
{ "type": "Feature", "properties": { "osm_id": "12158091711", "code": 5209, "fclass": "street_lamp" }, "geometry": { "type": "Point", "coordinates": [ 13.3537384, 52.5232367 ] } },
{ "type": "Feature", "properties": { "osm_id": "12158091713", "code": 5209, "fclass": "street_lamp" }, "geometry": { "type": "Point", "coordinates": [ 13.353847, 52.5235594 ] } },
{ "type": "Feature", "properties": { "osm_id": "12158091715", "code": 5209, "fclass": "street_lamp" }, "geometry": { "type": "Point", "coordinates": [ 13.353693, 52.5237035 ] } },
{ "type": "Feature", "properties": { "osm_id": "12172970433", "code": 5209, "fclass": "street_lamp" }, "geometry": { "type": "Point", "coordinates": [ 13.3281918, 52.5333772 ] } },
{ "type": "Feature", "properties": { "osm_id": "12207241323", "code": 5209, "fclass": "street_lamp" }, "geometry": { "type": "Point", "coordinates": [ 13.3592689, 52.5383573 ] } },
{ "type": "Feature", "properties": { "osm_id": "12207246407", "code": 5209, "fclass": "street_lamp" }, "geometry": { "type": "Point", "coordinates": [ 13.3589312, 52.5384543 ] } },
{ "type": "Feature", "properties": { "osm_id": "12259546935", "code": 5209, "fclass": "street_lamp" }, "geometry": { "type": "Point", "coordinates": [ 13.3357849, 52.5303664 ] } },
{ "type": "Feature", "properties": { "osm_id": "12259546954", "code": 5209, "fclass": "street_lamp" }, "geometry": { "type": "Point", "coordinates": [ 13.3360473, 52.5303429 ] } },
{ "type": "Feature", "properties": { "osm_id": "12259546966", "code": 5209, "fclass": "street_lamp" }, "geometry": { "type": "Point", "coordinates": [ 13.3357411, 52.5305129 ] } },
{ "type": "Feature", "properties": { "osm_id": "12259546986", "code": 5209, "fclass": "street_lamp" }, "geometry": { "type": "Point", "coordinates": [ 13.3353916, 52.5304067 ] } },
{ "type": "Feature", "properties": { "osm_id": "12259550730", "code": 5209, "fclass": "street_lamp" }, "geometry": { "type": "Point", "coordinates": [ 13.3353421, 52.5305521 ] } },
{ "type": "Feature", "properties": { "osm_id": "12259550731", "code": 5209, "fclass": "street_lamp" }, "geometry": { "type": "Point", "coordinates": [ 13.334975, 52.5305844 ] } },
{ "type": "Feature", "properties": { "osm_id": "12259550754", "code": 5209, "fclass": "street_lamp" }, "geometry": { "type": "Point", "coordinates": [ 13.3349424, 52.5304267 ] } },
{ "type": "Feature", "properties": { "osm_id": "12259550756", "code": 5209, "fclass": "street_lamp" }, "geometry": { "type": "Point", "coordinates": [ 13.3346195, 52.5304765 ] } },
{ "type": "Feature", "properties": { "osm_id": "12259550770", "code": 5209, "fclass": "street_lamp" }, "geometry": { "type": "Point", "coordinates": [ 13.3346281, 52.5306196 ] } },
{ "type": "Feature", "properties": { "osm_id": "12259550806", "code": 5209, "fclass": "street_lamp" }, "geometry": { "type": "Point", "coordinates": [ 13.3340852, 52.5306437 ] } },
{ "type": "Feature", "properties": { "osm_id": "12259550807", "code": 5209, "fclass": "street_lamp" }, "geometry": { "type": "Point", "coordinates": [ 13.3342697, 52.5306239 ] } },
{ "type": "Feature", "properties": { "osm_id": "12259550826", "code": 5209, "fclass": "street_lamp" }, "geometry": { "type": "Point", "coordinates": [ 13.3340544, 52.5305291 ] } },
{ "type": "Feature", "properties": { "osm_id": "12259550860", "code": 5209, "fclass": "street_lamp" }, "geometry": { "type": "Point", "coordinates": [ 13.3342466, 52.5305136 ] } }
]
}
